5	972	12	1	188	12	1
7	972	12	1	188	12	1
13	972	12	1	188	12	1
1	972	12	1	188	12	1
21	972	12	1	188	12	1
9	972	12	1	188	12	1
0	68	0	0	200	0	2
0	680	15	0	200	0	3
1	1098	10	1	200	0	4
0	1182	9	0	200	0	5
6	1182	9	0	200	0	5
12	1182	9	0	200	0	5
7	967	155	1	200	0	6
13	967	155	1	200	0	6
1	967	155	1	200	0	6
5	967	155	1	200	0	6
21	967	155	1	200	0	6
0	612	12	0	200	0	7
0	563	1	0	200	0	8
0	1032	56	0	200	0	9
1	1239	4	1	200	0	10
0	931	1	0	173	27	11
14	931	1	0	173	27	11
18	931	1	0	173	27	11
7	990	107	1	200	0	12
13	990	107	1	200	0	12
1	990	107	1	200	0	12
0	282	1	0	154	0	13
0	553	10	0	45	155	13
8	553	10	0	45	155	13
14	553	10	0	45	155	13
0	941	0	0	200	0	14
6	941	0	0	200	0	14
12	941	0	0	200	0	14
1	1098	127	1	200	0	15
1	1135	13	1	200	0	16
7	1135	13	1	200	0	16
13	1135	13	1	200	0	16
1	902	30	1	200	0	17
0	1065	19	0	200	0	18
0	1068	58	0	200	0	19
0	1135	19	0	200	0	20
8	1135	19	0	200	0	20
14	1135	19	0	200	0	20
18	1135	19	0	200	0	20
1	620	41	1	200	0	21
1	1212	17	1	200	0	22
7	1212	17	1	200	0	22
13	1212	17	1	200	0	22
0	692	8	0	200	0	23
1	1074	143	1	200	0	24
0	604	0	0	200	0	25
20	1098	78	0	200	0	26
6	1098	78	0	200	0	26
12	1098	78	0	200	0	26
0	1098	78	0	200	0	26
0	234	0	0	200	0	27
20	457	22	0	200	0	28
18	457	22	0	200	0	28
6	457	22	0	200	0	28
12	457	22	0	200	0	28
0	457	22	0	200	0	28
0	1498	0	0	200	0	29
0	676	41	0	200	0	30
0	1834	20	0	200	0	31
1	1224	93	1	200	0	32
7	1224	93	1	200	0	32
13	1224	93	1	200	0	32
21	934	74	1	88	0	33
9	934	74	1	88	0	33
7	934	74	1	88	0	33
13	934	74	1	88	0	33
5	934	74	1	88	0	33
19	934	74	1	88	0	33
1	934	74	1	88	0	33
15	934	74	1	88	0	33
19	934	163	1	111	89	33
1	934	163	1	111	89	33
15	601	1	1	46	0	34
7	601	1	1	46	0	34
13	601	1	1	46	0	34
19	601	1	1	46	0	34
21	601	1	1	46	0	34
1	601	1	1	46	0	34
1	601	48	1	153	47	34
19	934	47	1	200	0	35
1	934	47	1	200	0	35
0	1278	0	0	200	0	36
21	934	15	1	200	0	37
9	934	15	1	200	0	37
7	934	15	1	200	0	37
13	934	15	1	200	0	37
5	934	15	1	200	0	37
19	934	15	1	200	0	37
1	934	15	1	200	0	37
15	934	15	1	200	0	37
1	567	5	1	200	0	38
2	2345	275	0	200	0	39
13	3804	13	1	200	0	40
3	3804	13	1	200	0	40
2	2524	15	0	200	0	41
3	4688	24	1	189	0	42
2	4522	35	0	200	0	43
12	4522	35	0	200	0	43
2	3369	16	0	200	0	44
17	3369	16	0	200	0	44
13	3773	0	1	200	0	45
7	3773	0	1	200	0	45
3	3773	0	1	200	0	45
2	2595	0	0	200	0	46
12	4458	0	0	200	0	47
2	4458	0	0	200	0	47
17	2987	18	0	200	0	48
2	2987	18	0	200	0	48
2	2319	0	0	200	0	49
16	2981	2	1	200	0	50
3	2981	2	1	200	0	50
2	331	547	0	64	0	51
2	331	612	0	135	65	51
16	3486	2	1	200	0	52
13	3486	2	1	200	0	52
7	3486	2	1	200	0	52
3	3486	2	1	200	0	52
2	4476	65	0	200	0	53
3	4396	42	1	103	0	54
13	4396	42	1	103	0	54
3	4387	7	1	96	104	54
13	4387	7	1	96	104	54
12	4346	15	0	200	0	55
2	4346	15	0	200	0	55
3	4525	13	1	200	0	56
13	4525	13	1	200	0	56
2	4033	35	0	200	0	57
6	3698	32	0	200	0	58
12	3698	32	0	200	0	58
2	3698	32	0	200	0	58
17	3698	32	0	200	0	58
2	4519	22	0	200	0	59
12	4519	22	0	200	0	59
2	4402	18	0	200	0	60
3	3266	0	1	200	0	61
17	3154	9	0	160	0	62
2	3154	9	0	160	0	62
17	3197	0	0	39	161	62
2	3197	0	0	39	161	62
2	2573	47	0	200	0	63
16	2936	8	1	200	0	64
3	2936	8	1	200	0	64
16	2813	17	1	200	0	65
3	2813	17	1	200	0	65
2	4033	54	0	200	0	66
3	3171	5	1	200	0	67
16	3171	5	1	200	0	67
3	2502	4	1	102	0	68
3	2345	96	1	97	103	68
2	3391	46	0	175	25	69
17	3391	46	0	175	25	69
16	3064	9	1	200	0	70
3	3064	9	1	200	0	70
3	4393	7	1	200	0	71
13	4393	7	1	200	0	71
3	4499	4	1	200	0	72
13	4467	11	1	200	0	73
3	4467	11	1	200	0	73
2	2705	0	0	200	0	74
13	3601	30	1	200	0	75
16	3601	30	1	200	0	75
7	3601	30	1	200	0	75
3	3601	30	1	200	0	75
3	4033	112	1	200	0	76
17	3125	3	0	200	0	77
2	3125	3	0	200	0	77
16	2737	7	1	62	0	78
3	2737	7	1	62	0	78
11	2708	2	1	37	63	78
3	2708	2	1	37	63	78
11	2702	21	1	99	101	78
23	2702	21	1	99	101	78
3	2702	21	1	99	101	78
5	1068	66	1	200	0	79
5	1443	6	1	200	0	80
5	1194	16	1	200	0	81
5	1098	141	1	200	0	82
5	972	118	1	200	0	83
14	1071	139	0	200	0	84
18	1071	139	0	200	0	84
4	1071	139	0	200	0	84
4	955	116	0	200	0	85
20	955	116	0	200	0	85
0	955	116	0	200	0	85
6	955	116	0	200	0	85
12	955	116	0	200	0	85
19	967	38	1	200	0	86
15	967	38	1	200	0	86
7	967	38	1	200	0	86
13	967	38	1	200	0	86
1	967	38	1	200	0	86
5	967	38	1	200	0	86
21	967	38	1	200	0	86
9	967	38	1	200	0	86
9	1159	20	1	46	0	87
5	1159	20	1	46	0	87
7	1159	20	1	46	0	87
13	1159	20	1	46	0	87
21	1159	20	1	46	0	87
1	1159	20	1	46	0	87
19	1156	37	1	153	47	87
15	1156	37	1	153	47	87
9	1156	37	1	153	47	87
5	1156	37	1	153	47	87
5	1194	82	1	200	0	88
5	1894	1	1	200	0	89
19	1153	47	1	126	0	90
15	1153	47	1	126	0	90
1	1153	47	1	126	0	90
9	1153	47	1	126	0	90
5	1153	47	1	126	0	90
5	1144	50	1	73	127	90
1	1272	65	1	192	8	91
19	1272	65	1	192	8	91
15	1272	65	1	192	8	91
5	1272	65	1	192	8	91
7	1272	65	1	192	8	91
13	1272	65	1	192	8	91
6	990	107	0	200	0	92
12	990	107	0	200	0	92
4	990	107	0	200	0	92
4	1295	32	0	200	0	93
4	937	17	0	103	0	94
4	943	19	0	96	104	94
6	1257	26	0	62	0	95
12	1257	26	0	62	0	95
4	1257	26	0	62	0	95
20	1257	26	0	62	0	95
8	1257	26	0	62	0	95
0	1257	26	0	62	0	95
14	1260	59	0	108	63	95
18	1260	59	0	108	63	95
4	1260	59	0	108	63	95
20	1260	59	0	108	63	95
8	1260	59	0	108	63	95
5	1062	30	1	200	0	96
4	955	219	0	200	0	97
20	955	219	0	200	0	97
0	955	219	0	200	0	97
6	955	219	0	200	0	97
12	955	219	0	200	0	97
5	1615	15	1	200	0	98
4	967	171	0	132	0	99
14	967	171	0	132	0	99
18	967	171	0	132	0	99
20	967	171	0	132	0	99
0	967	171	0	132	0	99
8	967	171	0	132	0	99
6	967	171	0	132	0	99
12	967	171	0	132	0	99
14	969	11	0	67	133	99
18	969	11	0	67	133	99
20	969	11	0	67	133	99
0	969	11	0	67	133	99
4	969	11	0	67	133	99
8	969	11	0	67	133	99
6	969	11	0	67	133	99
12	969	11	0	67	133	99
4	1664	0	0	124	0	100
4	1707	2	0	75	125	100
9	934	111	1	200	0	101
7	934	111	1	200	0	101
13	934	111	1	200	0	101
5	934	111	1	200	0	101
6	1065	26	0	200	0	102
12	1065	26	0	200	0	102
4	1065	26	0	200	0	102
6	1068	58	0	126	0	103
12	1068	58	0	126	0	103
14	1068	58	0	126	0	103
18	1068	58	0	126	0	103
4	1068	58	0	126	0	103
8	1071	113	0	73	127	103
6	1071	113	0	73	127	103
12	1071	113	0	73	127	103
20	1071	113	0	73	127	103
14	1071	113	0	73	127	103
18	1071	113	0	73	127	103
4	1071	113	0	73	127	103
12	2673	4	0	195	5	104
6	2673	4	0	195	5	104
6	1569	11	0	200	0	105
12	1569	11	0	200	0	105
7	2864	55	1	200	0	106
13	2864	55	1	200	0	106
19	967	128	1	200	0	107
15	967	128	1	200	0	107
7	967	128	1	200	0	107
13	967	128	1	200	0	107
1	967	128	1	200	0	107
5	967	128	1	200	0	107
21	967	128	1	200	0	107
13	1978	249	1	200	0	108
7	1978	249	1	200	0	108
21	911	6	1	46	0	109
7	911	6	1	46	0	109
13	911	6	1	46	0	109
5	911	6	1	46	0	109
7	902	14	1	153	47	109
13	902	14	1	153	47	109
20	1150	61	0	200	0	110
6	1150	61	0	200	0	110
12	1150	61	0	200	0	110
14	967	151	0	200	0	111
18	967	151	0	200	0	111
20	967	151	0	200	0	111
0	967	151	0	200	0	111
8	967	151	0	200	0	111
6	967	151	0	200	0	111
12	967	151	0	200	0	111
6	1144	25	0	200	0	112
12	1144	25	0	200	0	112
7	833	1	1	200	0	113
13	833	1	1	200	0	113
6	1727	21	0	200	0	114
12	1727	21	0	200	0	114
7	319	6	1	200	0	115
13	319	6	1	200	0	115
12	2810	9	0	200	0	116
6	2810	9	0	200	0	116
7	669	33	1	200	0	117
13	669	33	1	200	0	117
1	1197	153	1	200	0	118
7	1197	153	1	200	0	118
13	1197	153	1	200	0	118
6	3718	23	0	200	0	119
12	3718	23	0	200	0	119
2	3718	23	0	200	0	119
17	3718	23	0	200	0	119
7	943	28	1	200	0	120
13	943	28	1	200	0	120
6	1976	531	0	32	0	121
12	1976	531	0	32	0	121
6	1976	564	0	167	33	121
12	1976	564	0	167	33	121
6	1260	117	0	200	0	122
12	1260	117	0	200	0	122
7	1811	7	1	200	0	123
13	1811	7	1	200	0	123
7	961	4	1	200	0	124
13	961	4	1	200	0	124
1	961	4	1	200	0	124
5	961	4	1	200	0	124
21	961	4	1	200	0	124
7	3368	0	1	200	0	125
6	1041	26	0	200	0	126
12	1041	26	0	200	0	126
7	1964	478	1	200	0	127
13	1964	478	1	200	0	127
5	1098	78	1	200	0	128
7	1098	78	1	200	0	128
13	1098	78	1	200	0	128
9	1098	78	1	200	0	128
19	1098	78	1	200	0	128
15	1098	78	1	200	0	128
21	1098	78	1	200	0	128
7	2749	6	1	200	0	129
13	2749	6	1	200	0	129
6	1978	994	0	200	0	130
12	1978	994	0	200	0	130
7	1269	44	1	200	0	131
13	1269	44	1	200	0	131
20	534	1	0	200	0	132
18	534	1	0	200	0	132
6	534	1	0	200	0	132
12	534	1	0	200	0	132
7	2433	9	1	151	0	133
13	2433	9	1	151	0	133
7	2362	18	1	48	152	133
13	2362	18	1	48	152	133
7	2340	79	1	200	0	134
19	969	51	1	200	0	135
15	969	51	1	200	0	135
7	969	51	1	200	0	135
13	969	51	1	200	0	135
1	969	51	1	200	0	135
21	969	51	1	200	0	135
9	969	51	1	200	0	135
6	1333	0	0	200	0	136
12	1333	0	0	200	0	136
5	1176	36	1	200	0	137
7	1176	36	1	200	0	137
13	1176	36	1	200	0	137
13	1977	612	1	200	0	138
7	1977	612	1	200	0	138
6	620	4	0	200	0	139
12	620	4	0	200	0	139
7	1976	839	1	200	0	140
7	249	25	1	200	0	141
13	249	25	1	200	0	141
6	3417	31	0	186	14	142
17	3417	31	0	186	14	142
12	3417	31	0	186	14	142
13	1976	104	1	200	0	143
7	1976	104	1	200	0	143
12	2873	4	0	200	0	144
6	2873	4	0	200	0	144
7	2541	0	1	200	0	145
13	2541	0	1	200	0	145
7	313	7	1	200	0	146
13	313	7	1	200	0	146
13	3775	4	1	200	0	147
7	3775	4	1	200	0	147
3	3775	4	1	200	0	147
6	1976	461	0	200	0	148
12	1976	461	0	200	0	148
16	3435	9	1	31	0	149
13	3435	9	1	31	0	149
7	3435	9	1	31	0	149
3	3435	9	1	31	0	149
23	3435	9	1	31	0	149
16	3432	25	1	168	32	149
13	3432	25	1	168	32	149
7	3432	25	1	168	32	149
13	1979	872	1	186	14	150
7	1979	872	1	186	14	150
7	2559	4	1	200	0	151
13	2559	4	1	200	0	151
6	1260	57	0	76	0	152
12	1260	57	0	76	0	152
14	1260	57	0	76	0	152
18	1260	57	0	76	0	152
4	1260	57	0	76	0	152
20	1260	57	0	76	0	152
8	1260	57	0	76	0	152
6	1263	12	0	123	77	152
12	1263	12	0	123	77	152
16	3450	11	1	200	0	153
13	3450	11	1	200	0	153
7	3450	11	1	200	0	153
6	1224	3	0	200	0	154
12	1224	3	0	200	0	154
7	566	0	1	143	0	155
13	566	0	1	143	0	155
7	518	6	1	56	144	155
13	518	6	1	56	144	155
12	2914	17	0	66	0	156
6	2914	17	0	66	0	156
12	2922	10	0	133	67	156
6	2922	10	0	133	67	156
7	940	52	1	200	0	157
13	940	52	1	200	0	157
18	4	25	0	200	0	158
20	4	25	0	200	0	158
0	4	25	0	200	0	158
6	4	25	0	200	0	158
12	4	25	0	200	0	158
13	1977	577	1	200	0	159
7	1977	577	1	200	0	159
7	1661	2	1	200	0	160
13	1661	2	1	200	0	160
6	887	18	0	200	0	161
12	887	18	0	200	0	161
1	1138	2	1	200	0	162
7	1138	2	1	200	0	162
13	1138	2	1	200	0	162
6	1964	478	0	200	0	163
12	1964	478	0	200	0	163
12	2627	2	0	124	0	164
6	2627	2	0	124	0	164
12	2642	10	0	75	125	164
6	2642	10	0	75	125	164
20	556	3	0	200	0	165
18	556	3	0	200	0	165
6	556	3	0	200	0	165
12	556	3	0	200	0	165
6	652	8	0	150	0	166
12	652	8	0	150	0	166
18	652	8	0	150	0	166
6	667	12	0	49	151	166
12	667	12	0	49	151	166
18	667	12	0	49	151	166
20	667	12	0	49	151	166
12	3044	17	0	200	0	167
6	3044	17	0	200	0	167
6	3351	2	0	200	0	168
12	2823	14	0	200	0	169
6	2823	14	0	200	0	169
7	1615	11	1	200	0	170
13	1615	11	1	200	0	170
7	1437	17	1	200	0	171
13	1437	17	1	200	0	171
6	1976	829	0	200	0	172
12	1976	829	0	200	0	172
7	990	163	1	200	0	173
13	990	163	1	200	0	173
1	990	163	1	200	0	173
6	1978	735	0	200	0	174
12	1978	735	0	200	0	174
16	3438	6	1	200	0	175
13	3438	6	1	200	0	175
7	3438	6	1	200	0	175
12	2867	11	0	200	0	176
6	2867	11	0	200	0	176
12	2951	1	0	200	0	177
6	2951	1	0	200	0	177
7	2835	23	1	200	0	178
13	2835	23	1	200	0	178
7	980	0	1	200	0	179
13	980	0	1	200	0	179
6	3579	13	0	200	0	180
12	3579	13	0	200	0	180
2	3579	13	0	200	0	180
17	3579	13	0	200	0	180
8	1046	33	0	200	0	181
9	1413	5	1	200	0	182
0	1074	66	0	200	0	183
8	1074	66	0	200	0	183
6	1074	66	0	200	0	183
12	1074	66	0	200	0	183
8	276	1	0	200	0	184
8	6	7	0	200	0	185
5	979	0	1	200	0	186
1	979	0	1	200	0	186
9	979	0	1	200	0	186
19	979	0	1	200	0	186
15	979	0	1	200	0	186
9	559	11	1	200	0	187
8	1545	11	0	200	0	188
8	138	6	0	65	0	189
8	155	9	0	134	66	189
8	1511	20	0	200	0	190
9	876	0	1	200	0	191
20	972	9	0	200	0	192
0	972	9	0	200	0	192
4	972	9	0	200	0	192
14	972	9	0	200	0	192
18	972	9	0	200	0	192
8	972	9	0	200	0	192
9	1065	28	1	186	14	193
9	955	208	1	200	0	194
8	1727	5	0	152	0	195
0	1727	5	0	152	0	195
8	1751	2	0	47	153	195
6	1030	9	0	118	0	196
12	1030	9	0	118	0	196
8	1030	9	0	118	0	196
6	1041	17	0	81	119	196
12	1041	17	0	81	119	196
4	1041	17	0	81	119	196
8	1041	17	0	81	119	196
20	1041	17	0	81	119	196
9	1065	18	1	200	0	197
20	967	217	0	200	0	198
0	967	217	0	200	0	198
8	967	217	0	200	0	198
6	967	217	0	200	0	198
12	967	217	0	200	0	198
9	1891	4	1	135	0	199
9	1834	5	1	64	136	199
9	1215	14	1	197	3	200
9	1168	73	1	200	0	201
1	1168	73	1	200	0	201
5	990	107	1	200	0	202
9	990	107	1	200	0	202
19	990	107	1	200	0	202
15	990	107	1	200	0	202
9	1065	24	1	200	0	203
5	990	169	1	200	0	204
9	990	169	1	200	0	204
19	990	169	1	200	0	204
15	990	169	1	200	0	204
8	1127	14	0	200	0	205
8	1179	43	0	200	0	206
20	1004	3	0	200	0	207
6	1004	3	0	200	0	207
12	1004	3	0	200	0	207
8	1004	3	0	200	0	207
8	208	8	0	200	0	208
20	996	11	0	200	0	209
8	996	11	0	200	0	209
8	1191	15	0	200	0	210
0	1191	15	0	200	0	210
6	1191	15	0	200	0	210
12	1191	15	0	200	0	210
4	1191	15	0	200	0	210
20	1191	15	0	200	0	210
11	4118	50	1	200	0	211
10	3889	3	0	200	0	212
10	3901	1	0	200	0	213
11	3176	2	1	171	29	214
11	3616	7	1	200	0	215
10	3414	56	0	200	0	216
11	2433	0	1	200	0	217
11	3553	26	1	200	0	218
10	3487	9	0	200	0	219
10	3959	314	0	200	0	220
11	3596	20	1	85	0	221
11	3576	1	1	75	86	221
13	3576	1	1	75	86	221
16	3576	1	1	75	86	221
7	3576	1	1	75	86	221
3	3576	1	1	75	86	221
11	3570	36	1	38	162	221
11	3076	3	1	200	0	222
11	3174	3	1	200	0	223
11	2767	8	1	200	0	224
10	2702	108	0	200	0	225
10	3717	329	0	200	0	226
10	2674	0	0	200	0	227
10	3891	0	0	200	0	228
11	3717	310	1	200	0	229
10	2903	50	0	120	0	230
10	2920	0	0	79	121	230
10	4077	18	0	200	0	231
10	2023	26	0	200	0	232
11	4195	13	1	200	0	233
10	2767	8	0	200	0	234
10	3959	29	0	200	0	235
10	3292	10	0	200	0	236
10	2696	20	0	200	0	237
11	3559	6	1	200	0	238
11	3414	2	1	200	0	239
12	2257	0	0	200	0	240
9	1071	75	1	33	0	241
21	1071	75	1	33	0	241
1	1071	75	1	33	0	241
19	1071	75	1	33	0	241
15	1071	75	1	33	0	241
7	1071	75	1	33	0	241
13	1071	75	1	33	0	241
5	1071	75	1	33	0	241
19	1071	109	1	96	34	241
15	1071	109	1	96	34	241
7	1071	109	1	96	34	241
13	1071	109	1	96	34	241
5	1071	109	1	96	34	241
7	1068	47	1	69	131	241
13	1068	47	1	69	131	241
5	1068	47	1	69	131	241
6	1446	7	0	96	0	242
12	1446	7	0	96	0	242
6	1467	2	0	103	97	242
12	1467	2	0	103	97	242
9	1074	148	1	164	0	243
21	1074	148	1	164	0	243
19	1074	148	1	164	0	243
15	1074	148	1	164	0	243
7	1074	148	1	164	0	243
13	1074	148	1	164	0	243
5	1074	148	1	164	0	243
19	1071	136	1	35	165	243
15	1071	136	1	35	165	243
7	1071	136	1	35	165	243
13	1071	136	1	35	165	243
5	1071	136	1	35	165	243
6	1119	26	0	200	0	244
12	1119	26	0	200	0	244
0	1119	26	0	200	0	244
13	2221	4	1	200	0	245
12	3076	3	0	200	0	246
6	3076	3	0	200	0	246
7	1834	5	1	200	0	247
13	1834	5	1	200	0	247
7	629	10	1	200	0	248
13	629	10	1	200	0	248
9	1197	40	1	200	0	249
21	1197	40	1	200	0	249
1	1197	40	1	200	0	249
7	1197	40	1	200	0	249
13	1197	40	1	200	0	249
5	1197	40	1	200	0	249
23	2544	74	1	200	0	250
7	2544	74	1	200	0	250
13	2544	74	1	200	0	250
7	1727	55	1	200	0	251
13	1727	55	1	200	0	251
12	3283	19	0	200	0	252
6	3525	8	0	200	0	253
2	3525	8	0	200	0	253
17	3525	8	0	200	0	253
12	3525	8	0	200	0	253
12	4013	1	0	200	0	254
7	701	30	1	200	0	255
13	701	30	1	200	0	255
19	701	30	1	200	0	255
21	701	30	1	200	0	255
13	4416	39	1	200	0	256
6	3634	6	0	200	0	257
12	3634	6	0	200	0	257
2	3634	6	0	200	0	257
17	3634	6	0	200	0	257
21	996	5	1	200	0	258
5	996	5	1	200	0	258
9	996	5	1	200	0	258
19	996	5	1	200	0	258
15	996	5	1	200	0	258
7	996	5	1	200	0	258
13	996	5	1	200	0	258
12	2708	5	0	196	4	259
6	2708	5	0	196	4	259
6	612	15	0	200	0	260
12	612	15	0	200	0	260
7	2722	4	1	200	0	261
13	2722	4	1	200	0	261
7	3148	2	1	200	0	262
13	3148	2	1	200	0	262
18	457	49	0	200	0	263
6	457	49	0	200	0	263
12	457	49	0	200	0	263
0	457	49	0	200	0	263
7	506	52	1	200	0	264
13	506	52	1	200	0	264
13	4143	1	1	200	0	265
3	4143	1	1	200	0	265
2	4502	41	0	200	0	266
12	4502	41	0	200	0	266
7	2914	42	1	200	0	267
13	2914	42	1	200	0	267
13	1980	543	1	200	0	268
7	1980	543	1	200	0	268
7	2903	10	1	200	0	269
13	2903	10	1	200	0	269
7	669	25	1	200	0	270
13	669	25	1	200	0	270
18	601	44	0	200	0	271
6	601	44	0	200	0	271
12	601	44	0	200	0	271
12	2936	11	0	200	0	272
6	2936	11	0	200	0	272
12	3369	8	0	200	0	273
3	4572	0	1	176	24	274
13	4572	0	1	176	24	274
13	1978	654	1	200	0	275
7	1978	654	1	200	0	275
6	704	8	0	200	0	276
12	704	8	0	200	0	276
2	4496	15	0	30	0	277
12	4496	15	0	30	0	277
22	4496	15	0	30	0	277
2	4496	46	0	169	31	277
12	4496	46	0	169	31	277
12	4159	7	0	200	0	278
2	4159	7	0	200	0	278
7	1479	5	1	76	0	279
13	1479	5	1	76	0	279
7	1467	8	1	123	77	279
13	1467	8	1	123	77	279
12	3108	7	0	200	0	280
6	3108	7	0	200	0	280
13	1976	864	1	200	0	281
7	1269	43	1	200	0	282
13	1269	43	1	200	0	282
7	1062	49	1	200	0	283
13	1062	49	1	200	0	283
7	2987	5	1	200	0	284
13	2987	5	1	200	0	284
6	1980	312	0	200	0	285
12	1980	312	0	200	0	285
8	1116	39	0	58	0	286
20	1116	39	0	58	0	286
6	1116	39	0	58	0	286
12	1116	39	0	58	0	286
0	1116	39	0	58	0	286
20	1119	43	0	141	59	286
6	1119	43	0	141	59	286
12	1119	43	0	141	59	286
0	1119	43	0	141	59	286
14	1119	43	0	141	59	286
18	1119	43	0	141	59	286
12	1964	828	0	200	0	287
6	1979	183	0	157	0	288
12	1979	183	0	157	0	288
6	1979	341	0	42	158	288
12	1979	341	0	42	158	288
7	2501	4	1	200	0	289
13	2501	4	1	200	0	289
14	967	200	0	200	0	290
18	967	200	0	200	0	290
20	967	200	0	200	0	290
0	967	200	0	200	0	290
8	967	200	0	200	0	290
6	967	200	0	200	0	290
12	967	200	0	200	0	290
9	1119	6	1	111	0	291
1	1119	6	1	111	0	291
7	1119	6	1	111	0	291
13	1119	6	1	111	0	291
21	1119	6	1	111	0	291
1	1116	16	1	88	112	291
7	1116	16	1	88	112	291
13	1116	16	1	88	112	291
21	1116	16	1	88	112	291
6	506	37	0	200	0	292
12	506	37	0	200	0	292
7	803	2	1	200	0	293
13	803	2	1	200	0	293
13	3735	112	1	200	0	294
16	3735	112	1	200	0	294
7	3735	112	1	200	0	294
3	3735	112	1	200	0	294
7	972	106	1	200	0	295
13	972	106	1	200	0	295
1	972	106	1	200	0	295
21	972	106	1	200	0	295
9	972	106	1	200	0	295
12	2903	35	0	200	0	296
6	2903	35	0	200	0	296
0	1179	31	0	200	0	297
6	1179	31	0	200	0	297
12	1179	31	0	200	0	297
6	1831	2	0	200	0	298
12	1831	2	0	200	0	298
2	3992	11	0	200	0	299
12	3992	11	0	200	0	299
7	1062	70	1	200	0	300
13	1062	70	1	200	0	300
1	1116	36	1	200	0	301
7	1116	36	1	200	0	301
13	1116	36	1	200	0	301
21	1116	36	1	200	0	301
7	1346	0	1	200	0	302
13	1346	0	1	200	0	302
6	1499	6	0	200	0	303
12	1499	6	0	200	0	303
13	2024	7	1	200	0	304
7	2024	7	1	200	0	304
6	1976	790	0	200	0	305
12	1976	790	0	200	0	305
6	3601	10	0	200	0	306
12	3601	10	0	200	0	306
2	3601	10	0	200	0	306
17	3601	10	0	200	0	306
6	762	2	0	70	0	307
12	762	2	0	70	0	307
18	769	0	0	68	6	307
6	871	0	0	129	71	307
12	871	0	0	129	71	307
2	4519	16	0	200	0	308
12	4519	16	0	200	0	308
12	3803	7	0	200	0	309
12	2642	4	0	200	0	310
6	2642	4	0	200	0	310
3	4355	88	1	200	0	311
13	4355	88	1	200	0	311
2	3826	10	0	200	0	312
12	3826	10	0	200	0	312
13	4227	1	1	200	0	313
3	4227	1	1	200	0	313
6	3637	11	0	200	0	314
12	3637	11	0	200	0	314
2	3637	11	0	200	0	314
17	3637	11	0	200	0	314
12	4258	0	0	200	0	315
2	4258	0	0	200	0	315
13	4422	17	1	200	0	316
3	4422	17	1	200	0	316
4	905	3	0	200	0	317
6	905	3	0	200	0	317
12	905	3	0	200	0	317
13	4007	44	1	200	0	318
3	4007	44	1	200	0	318
7	1230	7	1	119	0	319
13	1230	7	1	119	0	319
1	1224	114	1	80	120	319
7	1224	114	1	80	120	319
13	1224	114	1	80	120	319
13	4153	3	1	200	0	320
3	4153	3	1	200	0	320
2	3397	17	0	200	0	321
6	3397	17	0	200	0	321
17	3397	17	0	200	0	321
12	3397	17	0	200	0	321
13	1979	422	1	200	0	322
7	1979	422	1	200	0	322
12	2253	0	0	95	0	323
12	2340	0	0	104	96	323
6	1977	46	0	200	0	324
12	1977	46	0	200	0	324
3	4548	45	1	144	0	325
13	4548	45	1	144	0	325
3	4534	14	1	55	145	325
13	4534	14	1	55	145	325
13	4470	19	1	200	0	326
3	4470	19	1	200	0	326
6	1979	591	0	200	0	327
12	1979	591	0	200	0	327
13	1986	1	1	200	0	328
12	2702	76	0	200	0	329
6	2702	76	0	200	0	329
6	993	37	0	200	0	330
12	993	37	0	200	0	330
7	601	76	1	200	0	331
13	601	76	1	200	0	331
19	601	76	1	200	0	331
7	2511	1	1	200	0	332
13	2511	1	1	200	0	332
13	4098	0	1	200	0	333
14	466	27	0	200	0	334
15	632	8	1	200	0	335
14	1197	58	0	200	0	336
18	1197	58	0	200	0	336
14	677	14	0	137	0	337
14	692	21	0	62	138	337
15	620	36	1	200	0	338
14	1179	50	0	200	0	339
18	1179	50	0	200	0	339
14	1119	23	0	200	0	340
18	1119	23	0	200	0	340
14	1197	102	0	200	0	341
18	1197	102	0	200	0	341
14	1260	23	0	200	0	342
18	1260	23	0	200	0	342
4	1260	23	0	200	0	342
20	1260	23	0	200	0	342
8	1260	23	0	200	0	342
15	917	9	1	200	0	343
14	1266	138	0	200	0	344
18	1266	138	0	200	0	344
19	1260	39	1	200	0	345
15	1260	39	1	200	0	345
14	345	11	0	200	0	346
19	1837	5	1	200	0	347
15	1837	5	1	200	0	347
15	38	12	1	200	0	348
20	1098	137	0	98	0	349
6	1098	137	0	98	0	349
12	1098	137	0	98	0	349
0	1098	137	0	98	0	349
14	1098	137	0	98	0	349
18	1098	137	0	98	0	349
14	1112	0	0	101	99	349
18	1112	0	0	101	99	349
6	990	8	0	200	0	350
12	990	8	0	200	0	350
4	990	8	0	200	0	350
14	990	8	0	200	0	350
18	990	8	0	200	0	350
20	990	8	0	200	0	350
8	990	8	0	200	0	350
15	384	70	1	200	0	351
14	1334	10	0	200	0	352
18	1334	10	0	200	0	352
19	1266	13	1	200	0	353
15	1266	13	1	200	0	353
5	1266	13	1	200	0	353
21	1266	13	1	200	0	353
9	1266	13	1	200	0	353
14	384	20	0	96	0	354
14	387	21	0	103	97	354
14	370	0	0	200	0	355
14	1176	14	0	200	0	356
18	1176	14	0	200	0	356
19	1959	95	1	200	0	357
15	1959	95	1	200	0	357
14	1197	27	0	200	0	358
18	1197	27	0	200	0	358
6	1440	2	0	43	0	359
12	1440	2	0	43	0	359
0	1440	2	0	43	0	359
4	1440	2	0	43	0	359
14	1440	2	0	43	0	359
18	1440	2	0	43	0	359
14	1446	3	0	156	44	359
18	1446	3	0	156	44	359
14	1074	23	0	200	0	360
18	1074	23	0	200	0	360
4	1074	23	0	200	0	360
21	993	48	1	138	0	361
5	993	48	1	138	0	361
9	993	48	1	138	0	361
19	993	48	1	138	0	361
15	993	48	1	138	0	361
7	993	48	1	138	0	361
13	993	48	1	138	0	361
21	990	121	1	61	139	361
5	990	121	1	61	139	361
9	990	121	1	61	139	361
19	990	121	1	61	139	361
15	990	121	1	61	139	361
7	990	121	1	61	139	361
13	990	121	1	61	139	361
1	990	121	1	61	139	361
19	1910	12	1	200	0	362
15	1910	12	1	200	0	362
19	1722	0	1	200	0	363
15	1722	0	1	200	0	363
19	1150	64	1	200	0	364
15	1150	64	1	200	0	364
14	601	4	0	200	0	365
14	4	78	0	200	0	366
14	1197	112	0	200	0	367
18	1197	112	0	200	0	367
19	1343	18	1	200	0	368
15	1343	18	1	200	0	368
14	955	214	0	129	0	369
18	955	214	0	129	0	369
14	961	29	0	70	130	369
18	961	29	0	70	130	369
14	384	40	0	185	15	370
2	2785	7	0	200	0	371
17	2785	7	0	200	0	371
2	3337	1	0	92	0	372
17	3337	1	0	92	0	372
6	3360	0	0	107	93	372
12	3360	0	0	107	93	372
2	3360	0	0	107	93	372
17	3360	0	0	107	93	372
2	2838	19	0	200	0	373
17	2838	19	0	200	0	373
6	3596	4	0	200	0	374
12	3596	4	0	200	0	374
2	3596	4	0	200	0	374
17	3596	4	0	200	0	374
16	2823	78	1	200	0	375
3	2823	78	1	200	0	375
3	3348	2	1	200	0	376
16	3348	2	1	200	0	376
16	3762	2	1	179	21	377
17	3114	3	0	200	0	378
2	3114	3	0	200	0	378
2	3283	22	0	200	0	379
17	3283	22	0	200	0	379
17	2987	20	0	200	0	380
2	2987	20	0	200	0	380
16	3486	1	1	71	0	381
13	3486	1	1	71	0	381
7	3486	1	1	71	0	381
3	3486	1	1	71	0	381
16	3461	2	1	128	72	381
13	3461	2	1	128	72	381
7	3461	2	1	128	72	381
3	3461	2	1	128	72	381
17	3148	4	0	200	0	382
2	3148	4	0	200	0	382
3	3209	10	1	200	0	383
16	3209	10	1	200	0	383
17	2946	0	0	200	0	384
2	2946	0	0	200	0	384
13	3681	2	1	200	0	385
16	3681	2	1	200	0	385
7	3681	2	1	200	0	385
3	3681	2	1	200	0	385
16	2829	2	1	200	0	386
3	2829	2	1	200	0	386
19	896	5	1	200	0	387
8	1197	92	0	34	0	388
0	1197	92	0	34	0	388
6	1197	92	0	34	0	388
12	1197	92	0	34	0	388
4	1197	92	0	34	0	388
20	1197	92	0	34	0	388
14	1197	92	0	34	0	388
18	1197	92	0	34	0	388
14	1197	127	0	165	35	388
18	1197	127	0	165	35	388
7	322	4	1	65	0	389
13	322	4	1	65	0	389
19	322	4	1	65	0	389
21	322	4	1	65	0	389
9	322	4	1	65	0	389
19	313	39	1	134	66	389
21	313	39	1	134	66	389
9	313	39	1	134	66	389
14	934	171	0	200	0	390
18	934	171	0	200	0	390
8	934	171	0	200	0	390
19	1168	77	1	200	0	391
15	1168	77	1	200	0	391
19	975	75	1	200	0	392
15	975	75	1	200	0	392
14	1563	8	0	200	0	393
18	1563	8	0	200	0	393
18	592	48	0	200	0	394
6	592	48	0	200	0	394
12	592	48	0	200	0	394
0	972	42	0	200	0	395
4	972	42	0	200	0	395
14	972	42	0	200	0	395
18	972	42	0	200	0	395
8	972	42	0	200	0	395
18	200	48	0	200	0	396
14	1260	14	0	200	0	397
18	1260	14	0	200	0	397
4	1260	14	0	200	0	397
20	1260	14	0	200	0	397
8	1260	14	0	200	0	397
18	149	0	0	200	0	398
7	620	44	1	85	0	399
13	620	44	1	85	0	399
19	620	44	1	85	0	399
7	612	48	1	114	86	399
13	612	48	1	114	86	399
19	612	48	1	114	86	399
14	1124	16	0	200	0	400
18	1124	16	0	200	0	400
7	680	0	1	200	0	401
13	680	0	1	200	0	401
19	680	0	1	200	0	401
21	680	0	1	200	0	401
19	975	41	1	200	0	402
15	975	41	1	200	0	402
7	1098	145	1	200	0	403
13	1098	145	1	200	0	403
9	1098	145	1	200	0	403
19	1098	145	1	200	0	403
15	1098	145	1	200	0	403
19	1260	66	1	200	0	404
15	1260	66	1	200	0	404
5	990	166	1	200	0	405
9	990	166	1	200	0	405
19	990	166	1	200	0	405
15	990	166	1	200	0	405
19	1698	15	1	200	0	406
15	1698	15	1	200	0	406
18	99	0	0	200	0	407
14	1035	3	0	200	0	408
18	1035	3	0	200	0	408
14	967	111	0	200	0	409
18	967	111	0	200	0	409
20	967	111	0	200	0	409
0	967	111	0	200	0	409
8	967	111	0	200	0	409
6	967	111	0	200	0	409
12	967	111	0	200	0	409
19	1215	23	1	200	0	410
15	1215	23	1	200	0	410
9	1074	125	1	200	0	411
21	1074	125	1	200	0	411
19	1074	125	1	200	0	411
15	1074	125	1	200	0	411
7	1074	125	1	200	0	411
13	1074	125	1	200	0	411
5	1074	125	1	200	0	411
6	689	44	0	195	0	412
12	689	44	0	195	0	412
18	689	44	0	195	0	412
20	689	44	0	195	0	412
6	1086	66	0	200	0	413
12	1086	66	0	200	0	413
14	1086	66	0	200	0	413
18	1086	66	0	200	0	413
8	1086	66	0	200	0	413
18	44	23	0	200	0	414
14	1168	101	0	200	0	415
18	1168	101	0	200	0	415
19	958	27	1	200	0	416
15	958	27	1	200	0	416
18	505	0	0	200	0	417
18	757	1	0	200	0	418
19	1257	10	1	200	0	419
15	1257	10	1	200	0	419
18	197	8	0	200	0	420
18	585	4	0	200	0	421
6	585	4	0	200	0	421
12	585	4	0	200	0	421
14	1331	8	0	200	0	422
18	1331	8	0	200	0	422
19	1301	20	1	200	0	423
15	1301	20	1	200	0	423
21	990	3	1	200	0	424
5	990	3	1	200	0	424
9	990	3	1	200	0	424
19	990	3	1	200	0	424
15	990	3	1	200	0	424
7	990	3	1	200	0	424
13	990	3	1	200	0	424
1	990	3	1	200	0	424
20	1686	4	0	200	0	425
20	1153	26	0	200	0	426
6	1153	26	0	200	0	426
12	1153	26	0	200	0	426
4	1153	26	0	200	0	426
8	1153	26	0	200	0	426
21	1698	24	1	200	0	427
21	1464	14	1	55	0	428
21	1452	14	1	144	56	428
20	1727	31	0	176	0	429
20	1197	104	0	133	0	430
0	1209	1	0	66	134	430
6	1209	1	0	66	134	430
12	1209	1	0	66	134	430
14	1209	1	0	66	134	430
18	1209	1	0	66	134	430
20	1209	1	0	66	134	430
21	506	47	1	200	0	431
5	946	17	1	51	0	432
19	946	17	1	51	0	432
15	946	17	1	51	0	432
21	946	17	1	51	0	432
21	943	39	1	148	52	432
1	943	39	1	148	52	432
19	1860	1	1	40	0	433
15	1860	1	1	40	0	433
21	1860	1	1	40	0	433
5	1860	1	1	40	0	433
21	1848	4	1	159	41	433
20	934	221	0	200	0	434
20	984	21	0	200	0	435
20	612	67	0	200	0	436
21	934	11	1	200	0	437
9	934	11	1	200	0	437
7	934	11	1	200	0	437
13	934	11	1	200	0	437
5	934	11	1	200	0	437
19	934	11	1	200	0	437
1	934	11	1	200	0	437
15	934	11	1	200	0	437
20	1074	158	0	200	0	438
20	914	34	0	176	0	439
20	1266	70	0	200	0	440
21	1221	20	1	200	0	441
18	1	74	0	200	0	442
20	1	74	0	200	0	442
0	1	74	0	200	0	442
6	1	74	0	200	0	442
12	1	74	0	200	0	442
21	460	14	1	200	0	443
20	1266	138	0	200	0	444
21	1083	45	1	134	0	445
9	1074	51	1	65	135	445
21	1074	51	1	65	135	445
19	1074	51	1	65	135	445
15	1074	51	1	65	135	445
7	1074	51	1	65	135	445
13	1074	51	1	65	135	445
5	1074	51	1	65	135	445
1	1074	51	1	65	135	445
8	1194	0	0	200	0	446
0	1194	0	0	200	0	446
6	1194	0	0	200	0	446
12	1194	0	0	200	0	446
4	1194	0	0	200	0	446
20	1194	0	0	200	0	446
21	1156	85	1	200	0	447
21	1300	0	1	200	0	448
20	1303	16	0	200	0	449
21	231	6	1	200	0	450
9	1162	10	1	200	0	451
5	1162	10	1	200	0	451
7	1162	10	1	200	0	451
13	1162	10	1	200	0	451
21	1162	10	1	200	0	451
21	1858	0	1	200	0	452
21	1212	30	1	200	0	453
20	237	0	0	200	0	454
20	1615	21	0	200	0	455
4	1233	25	0	200	0	456
20	1233	25	0	200	0	456
7	100	0	1	177	0	457
13	100	0	1	177	0	457
21	100	0	1	177	0	457
21	495	7	1	200	0	458
5	1263	10	1	200	0	459
21	1263	10	1	200	0	459
7	1263	10	1	200	0	459
13	1263	10	1	200	0	459
23	4394	0	1	200	0	460
22	329	581	0	200	0	461
23	2031	4	1	141	0	462
7	2406	11	1	58	142	462
13	2406	11	1	58	142	462
23	2477	5	1	58	142	462
22	3053	1	0	200	0	463
22	2733	19	0	200	0	464
22	2767	16	0	164	0	465
22	2782	8	0	35	165	465
22	3000	23	0	200	0	466
23	3918	3	1	200	0	467
22	330	86	0	200	0	468
23	3955	26	1	200	0	469
22	2544	105	0	200	0	470
23	3531	3	1	200	0	471
22	4664	28	0	200	0	472
22	4519	11	0	200	0	473
23	4426	16	1	200	0	474
23	2323	7	1	200	0	475
23	3032	11	1	200	0	476
23	2639	14	1	200	0	477
22	4137	0	0	158	0	478
22	4195	0	0	41	159	478
23	2936	22	1	200	0	479
23	4309	7	1	200	0	480
22	4033	44	0	200	0	481
23	330	209	1	200	0	482
22	4452	47	0	200	0	483
22	3076	3	0	200	0	484
22	4488	16	0	200	0	485
23	3643	14	1	200	0	486
23	4390	57	1	127	0	487
23	4379	30	1	53	147	487
23	4528	17	1	194	0	488
22	3989	22	0	200	0	489
23	2624	0	1	200	0	490
22	329	368	0	200	0	491
22	3962	69	0	200	0	492
23	2883	0	1	200	0	493
23	2908	13	1	200	0	494
22	4390	20	0	200	0	495
23	2883	20	1	200	0	496
23	4649	2	1	200	0	497
23	2755	46	1	200	0	498
23	3710	11	1	132	0	499
23	3675	11	1	51	133	499
22	329	663	0	200	0	500
22	4033	86	0	95	0	501
22	4036	12	0	104	96	501
