node_id,node_coverage
1,0.75
2,0.00
3,5.00
4,8.89
5,11.00
6,11.81
7,1.00
8,11.00
9,12.00
10,1.00
11,11.00
12,8.69
13,2.00
14,6.00
15,8.00
16,6.00
17,8.00
18,7.00
19,1.00
20,5.31
21,0.00
22,3.00
23,3.00
24,2.00
25,1.00
26,3.00
27,0.00
28,3.00
29,2.38
30,0.00
31,2.00
32,1.75
33,0.00
34,1.00
35,1.00
36,1.00
37,0.00
38,0.71
39,0.00
40,0.00
41,0.00
42,0.00
43,0.00
44,2.58
45,1.00
46,3.00
47,4.00
48,1.00
49,3.00
50,4.00
51,1.00
52,3.00
53,4.00
54,0.00
55,4.00
56,4.00
57,0.00
58,4.00
59,4.00
60,0.00
61,4.00
62,4.00
63,0.00
64,4.00
65,0.00
66,4.00
67,4.00
68,1.00
69,4.00
70,5.00
71,1.00
72,4.00
73,5.00
74,1.00
75,4.00
76,5.00
77,1.00
78,4.00
79,5.00
80,1.00
81,4.00
82,5.00
83,1.00
84,4.00
85,5.00
86,1.00
87,4.00
88,5.00
89,1.00
90,4.00
91,5.00
92,1.00
93,4.00
94,1.00
95,4.00
96,5.00
97,1.00
98,4.00
99,6.00
100,5.00
101,1.00
102,3.00
103,2.00
104,0.00
105,3.00
106,3.00
107,1.00
108,3.00
109,2.00
110,1.00
111,3.00
112,2.00
113,1.00
114,2.00
115,1.00
116,2.85
117,1.00
118,1.00
119,2.00
120,0.00
121,2.00
122,2.00
123,0.00
124,2.00
125,2.00
126,1.00
127,1.00
128,2.00
129,1.00
130,1.00
131,0.00
132,2.00
133,1.00
134,1.00
135,2.00
136,1.00
137,1.00
138,2.54
139,2.00
140,1.00
141,1.00
142,2.00
143,3.00
144,1.00
145,2.00
146,3.00
147,1.00
148,2.00
149,4.00
150,0.00
151,4.00
152,3.50
153,2.00
154,1.00
155,2.97
156,0.00
157,3.00
158,2.00
159,0.00
160,2.00
161,2.00
162,0.00
163,2.00
164,2.00
165,0.00
166,2.00
167,0.00
168,2.00
169,2.00
170,2.00
171,2.00
172,1.00
173,2.00
174,1.00
175,1.00
176,2.00
177,0.00
178,2.00
179,2.00
180,0.00
181,2.00
182,2.00
183,0.00
184,2.00
185,2.00
186,0.00
187,2.00
188,1.00
189,1.00
190,0.00
191,0.41
192,0.00
193,0.00
194,0.00
195,0.00
196,0.00
197,0.38
198,1.00
199,0.00
200,2.22
201,2.00
202,1.00
203,3.00
204,3.00
205,4.00
206,2.00
207,3.00
208,5.76
209,0.00
210,6.00
211,6.00
212,4.00
213,2.00
214,6.00
215,4.00
216,2.00
217,6.00
218,2.00
219,4.00
220,6.00
221,1.00
222,5.00
223,6.00
224,2.00
225,4.00
226,6.00
227,2.00
228,4.00
229,5.50
230,3.00
231,4.54
232,1.00
233,3.00
234,5.00
235,4.00
236,1.00
237,6.00
238,1.00
239,6.00
240,4.00
241,6.00
242,2.00
243,5.25
244,2.00
245,3.00
246,6.36
247,5.00
248,2.00
249,7.88
250,4.00
251,5.00
252,9.00
253,4.00
254,5.00
255,9.00
256,4.00
257,5.00
258,9.00
259,4.00
260,5.00
261,9.00
262,1.00
263,8.00
264,9.00
265,1.00
266,8.00
267,9.00
268,1.00
269,8.00
270,9.75
271,1.00
272,9.00
273,10.00
274,1.00
275,9.00
276,10.67
277,1.00
278,10.00
279,11.00
280,1.00
281,10.00
282,11.50
283,2.00
284,10.00
285,12.00
286,2.00
287,10.00
288,12.00
289,2.00
290,10.00
291,12.00
292,2.00
293,10.00
294,12.00
295,2.00
296,10.00
297,11.00
298,1.00
299,10.00
300,4.00
301,7.00
302,1.00
303,10.00
304,10.33
305,1.00
306,9.00
307,10.00
308,1.00
309,9.00
310,10.00
311,9.00
312,1.00
313,11.44
314,1.00
315,9.00
316,10.00
317,0.00
318,10.00
319,9.92
320,7.00
321,2.00
322,5.67
323,0.00
324,0.00
325,0.00
326,0.65
327,4.00
328,0.00
329,0.75
330,1.56
331,0.26
332,0.00
333,0.10
334,5.00
335,4.00
336,1.00
337,5.00
338,4.00
339,1.00
340,0.00
341,5.00
342,5.00
343,1.00
344,4.00
345,5.65
346,0.00
347,8.00
348,8.00
349,0.00
350,8.00
351,8.00
352,0.00
353,8.00
354,7.00
355,0.00
356,7.00
357,7.00
358,0.00
359,7.00
360,7.00
361,4.00
362,3.00
363,7.00
364,3.00
365,4.00
366,7.00
367,3.00
368,4.00
369,7.00
370,4.00
371,4.00
372,8.00
373,4.00
374,4.00
375,8.00
376,0.00
377,8.00
378,8.00
379,4.00
380,4.00
381,3.00
382,0.00
383,3.00
384,3.63
385,4.00
386,0.00
387,3.53
388,3.00
389,3.00
390,3.00
391,0.00
392,3.00
393,0.00
394,3.00
395,2.20
396,0.00
397,2.00
398,2.00
399,0.00
400,2.00
401,0.00
402,2.00
403,2.00
404,0.00
405,2.00
406,0.00
407,2.59
408,1.00
409,2.00
410,1.25
411,1.00
412,0.00
413,0.00
414,1.00
415,1.00
416,0.00
417,1.00
418,1.00
419,0.00
420,1.00
421,1.00
422,0.00
423,0.00
424,0.00
425,0.00
426,1.00
427,1.00
428,0.00
429,1.00
430,1.00
431,0.00
432,0.00
433,1.00
434,1.00
435,1.00
436,0.00
437,1.00
438,1.00
439,0.00
440,1.00
441,1.00
442,1.00
443,0.00
444,1.00
445,1.00
446,0.00
447,1.00
448,0.00
449,1.00
450,1.00
451,1.00
452,0.00
453,0.00
454,1.00
455,1.00
456,1.00
457,4.63
458,0.00
459,10.00
460,10.57
461,0.00
462,12.00
463,13.00
464,13.00
465,0.00
466,13.27
467,13.00
468,1.00
469,14.00
470,13.00
471,1.00
472,14.00
473,13.00
474,1.00
475,14.00
476,13.00
477,1.00
478,14.00
479,13.00
480,1.00
481,14.00
482,1.00
483,13.00
484,14.00
485,1.00
486,13.00
487,14.00
488,1.00
489,12.25
490,7.00
491,2.00
492,8.43
493,3.00
494,2.00
495,4.65
496,0.00
497,4.00
498,4.00
499,1.00
500,3.00
501,4.00
502,0.00
503,4.00
504,0.00
505,5.00
506,3.38
507,5.00
508,0.00
509,5.00
510,1.00
511,4.00
512,5.00
513,0.00
514,5.00
515,5.00
516,0.00
517,5.00
518,4.80
519,1.00
520,4.00
521,5.00
522,5.00
523,0.00
524,5.00
525,5.00
526,0.00
527,5.00
528,5.00
529,0.00
530,5.00
531,5.00
532,0.00
533,5.00
534,7.00
535,0.00
536,9.00
537,9.00
538,0.00
539,9.00
540,9.00
541,9.00
542,0.00
543,9.00
544,0.00
545,9.00
546,9.00
547,0.00
548,9.00
549,9.00
550,9.00
551,0.00
552,9.00
553,13.76
554,14.00
555,1.00
556,17.29
557,18.00
558,1.00
559,17.73
560,3.00
561,0.00
562,13.00
563,15.13
564,14.00
565,0.00
566,14.00
567,2.56
568,1.00
569,2.00
570,3.00
571,2.00
572,1.00
573,8.38
574,0.00
575,8.00
576,8.00
577,0.00
578,8.00
579,8.00
580,0.00
581,8.00
582,8.00
583,8.00
584,0.00
585,11.00
586,14.00
587,0.00
588,14.00
589,11.44
590,10.00
591,0.00
592,9.47
593,10.00
594,0.00
595,10.00
596,9.00
597,1.00
598,10.00
599,9.00
600,1.00
601,11.03
602,3.00
603,9.00
604,11.00
605,2.00
606,12.56
607,6.00
608,4.00
609,10.00
610,4.00
611,6.00
612,14.33
613,15.00
614,1.00
615,13.39
616,10.00
617,2.00
618,3.00
619,11.00
620,10.73
621,7.00
622,2.00
623,9.00
624,9.00
625,0.00
626,9.00
627,1.00
628,8.00
629,7.87
630,2.00
631,2.00
632,3.75
633,3.00
634,2.16
635,1.58
636,2.29
637,0.00
638,4.00
639,0.00
640,4.00
641,4.00
642,0.00
643,4.00
644,4.00
645,0.00
646,4.00
647,4.00
648,0.00
649,4.00
650,0.00
651,4.00
652,6.23
653,0.00
654,7.00
655,7.00
656,0.00
657,7.00
658,7.00
659,0.00
660,7.00
661,7.00
662,0.00
663,7.00
664,7.00
665,7.00
666,0.00
667,10.85
668,0.00
669,9.24
670,0.00
671,8.00
672,4.43
673,0.00
674,0.00
675,0.00
676,0.38
677,9.53
678,8.00
679,2.00
680,10.29
681,6.00
682,1.00
683,7.00
684,5.00
685,2.00
686,7.00
687,1.00
688,6.00
689,8.59
690,9.00
691,2.00
692,11.76
693,9.00
694,2.00
695,11.00
696,10.00
697,1.00
698,11.00
699,9.00
700,2.00
701,7.15
702,4.00
703,2.00
704,7.19
705,7.00
706,0.00
707,7.00
708,7.00
709,0.00
710,7.00
711,6.00
712,1.00
713,6.00
714,2.00
715,1.00
716,3.00
717,2.00
718,1.00
719,3.00
720,1.00
721,3.00
722,3.00
723,1.00
724,0.00
725,2.00
726,1.00
727,2.00
728,3.00
729,3.00
730,0.00
731,3.00
732,2.00
733,0.00
734,2.00
735,2.00
736,0.00
737,2.00
738,2.00
739,0.00
740,2.00
741,0.00
742,2.00
743,2.00
744,0.00
745,2.00
746,0.00
747,2.00
748,0.00
749,2.00
750,2.00
751,0.00
752,2.00
753,0.00
754,0.00
755,0.00
756,2.00
757,2.67
758,0.00
759,3.00
760,3.00
761,3.00
762,2.67
763,4.00
764,6.00
765,2.00
766,6.00
767,4.00
768,2.00
769,7.00
770,7.00
771,0.00
772,7.00
773,7.00
774,7.00
775,8.00
776,12.00
777,11.47
778,10.00
779,4.00
780,4.00
781,0.00
782,4.00
783,4.00
784,0.00
785,4.00
786,4.00
787,0.00
788,4.00
789,4.00
790,0.00
791,4.00
792,4.00
793,0.00
794,4.00
795,0.00
796,4.00
797,4.00
798,0.00
799,4.00
800,4.00
801,0.00
802,4.00
803,2.67
804,0.00
805,2.00
806,2.00
807,2.00
808,2.00
809,0.00
810,2.00
811,0.00
812,2.00
813,2.00
814,2.00
815,0.00
816,2.00
817,0.00
818,2.00
819,2.00
820,0.00
821,2.00
822,2.00
823,0.00
824,2.00
825,0.00
826,2.00
827,2.00
828,2.00
829,2.00
830,2.00
831,0.00
832,2.00
833,1.86
834,0.00
835,0.00
836,0.00
837,0.00
838,0.00
839,0.00
840,0.00
841,0.00
842,0.00
843,0.00
844,0.00
845,0.00
846,0.00
847,0.00
848,0.00
849,0.00
850,0.00
851,0.00
852,0.00
853,0.00
854,0.00
855,0.00
856,0.00
857,0.00
858,0.00
859,0.00
860,0.00
861,0.00
862,0.00
863,0.00
864,0.00
865,6.00
866,0.73
867,0.00
868,7.00
869,5.00
870,0.00
871,6.50
872,2.00
873,6.00
874,3.00
875,3.00
876,7.20
877,7.00
878,0.00
879,7.00
880,6.00
881,1.00
882,7.00
883,1.00
884,6.00
885,7.00
886,0.00
887,8.35
888,9.00
889,1.00
890,10.00
891,9.00
892,1.00
893,10.00
894,2.00
895,8.00
896,8.37
897,6.00
898,0.00
899,6.00
900,1.00
901,5.00
902,5.81
903,6.00
904,1.00
905,9.40
906,10.00
907,0.00
908,10.00
909,0.00
910,10.00
911,7.60
912,0.00
913,6.00
914,6.11
915,6.00
916,1.00
917,8.37
918,8.00
919,0.00
920,8.00
921,7.00
922,1.00
923,8.67
924,8.00
925,2.00
926,10.00
927,8.00
928,2.00
929,11.18
930,4.00
931,14.00
932,8.00
933,7.00
934,27.23
935,3.00
936,7.00
937,10.35
938,7.00
939,4.00
940,10.03
941,12.00
942,1.00
943,12.36
944,4.00
945,6.00
946,7.66
947,5.00
948,1.00
949,5.03
950,1.00
951,3.00
952,4.00
953,1.00
954,3.00
955,6.79
956,15.00
957,4.00
958,18.23
959,0.00
960,17.00
961,13.39
962,10.00
963,2.00
964,16.59
965,0.00
966,12.00
967,30.41
968,2.00
969,36.14
970,17.00
971,4.00
972,25.99
973,20.00
974,2.00
975,17.92
976,12.00
977,0.00
978,12.00
979,14.00
980,2.00
981,11.54
982,8.00
983,3.00
984,17.53
985,13.00
986,6.00
987,19.00
988,18.00
989,1.00
990,32.11
991,24.00
992,0.00
993,12.80
994,12.00
995,0.00
996,12.03
997,7.00
998,0.00
999,2.00
1000,5.00
1001,4.36
1002,2.00
1003,2.00
1004,7.86
1005,8.00
1006,0.00
1007,8.00
1008,8.00
1009,0.00
1010,8.00
1011,8.00
1012,0.00
1013,8.00
1014,8.00
1015,8.00
1016,0.00
1017,8.00
1018,0.00
1019,8.00
1020,0.00
1021,0.00
1022,0.00
1023,0.00
1024,7.00
1025,0.00
1026,6.00
1027,6.00
1028,0.00
1029,6.00
1030,7.65
1031,0.00
1032,6.90
1033,0.00
1034,4.00
1035,6.14
1036,7.00
1037,1.00
1038,8.00
1039,5.00
1040,3.00
1041,11.10
1042,12.00
1043,3.00
1044,15.00
1045,13.00
1046,16.71
1047,9.00
1048,6.00
1049,15.00
1050,14.00
1051,1.00
1052,5.00
1053,15.00
1054,15.00
1055,4.00
1056,11.00
1057,14.49
1058,2.00
1059,12.57
1060,12.00
1061,0.00
1062,7.95
1063,8.00
1064,0.00
1065,6.10
1066,0.00
1067,8.00
1068,10.37
1069,3.00
1070,18.00
1071,27.45
1072,24.00
1073,2.00
1074,16.01
1075,6.00
1076,6.00
1077,9.53
1078,7.00
1079,2.00
1080,8.05
1081,4.00
1082,2.00
1083,3.04
1084,1.00
1085,0.00
1086,1.91
1087,11.00
1088,0.00
1089,11.72
1090,1.00
1091,11.00
1092,16.62
1093,18.00
1094,2.00
1095,20.00
1096,18.00
1097,2.00
1098,11.40
1099,0.00
1100,14.00
1101,14.98
1102,0.00
1103,18.00
1104,18.00
1105,0.00
1106,18.00
1107,18.00
1108,0.00
1109,18.00
1110,16.80
1111,12.00
1112,2.00
1113,14.00
1114,0.00
1115,14.00
1116,10.85
1117,10.00
1118,2.00
1119,17.00
1120,0.00
1121,17.00
1122,17.00
1123,17.00
1124,18.71
1125,0.00
1126,13.00
1127,16.70
1128,16.00
1129,0.00
1130,16.00
1131,0.00
1132,16.00
1133,1.00
1134,15.00
1135,12.89
1136,1.00
1137,12.00
1138,12.88
1139,10.00
1140,0.00
1141,10.00
1142,10.00
1143,0.00
1144,15.11
1145,15.00
1146,2.00
1147,17.00
1148,15.00
1149,2.00
1150,14.48
1151,13.00
1152,6.00
1153,15.08
1154,20.00
1155,0.00
1156,20.69
1157,21.00
1158,2.00
1159,18.34
1160,12.00
1161,2.00
1162,12.63
1163,4.00
1164,3.00
1165,7.00
1166,4.00
1167,3.00
1168,4.78
1169,3.00
1170,2.00
1171,5.00
1172,2.00
1173,3.00
1174,5.00
1175,0.00
1176,5.55
1177,5.00
1178,0.00
1179,8.91
1180,2.00
1181,13.00
1182,16.52
1183,7.00
1184,9.00
1185,16.00
1186,12.00
1187,4.00
1188,16.00
1189,5.00
1190,11.00
1191,16.57
1192,18.00
1193,2.00
1194,28.33
1195,24.00
1196,0.00
1197,22.71
1198,1.00
1199,18.00
1200,19.00
1201,1.00
1202,18.00
1203,19.00
1204,13.00
1205,6.00
1206,20.36
1207,4.00
1208,16.00
1209,24.57
1210,0.00
1211,25.00
1212,21.25
1213,1.00
1214,16.00
1215,9.67
1216,0.00
1217,7.00
1218,7.00
1219,0.00
1220,7.00
1221,6.23
1222,0.00
1223,6.00
1224,5.33
1225,5.00
1226,0.00
1227,5.00
1228,1.00
1229,4.00
1230,3.44
1231,0.00
1232,3.00
1233,4.04
1234,5.00
1235,0.00
1236,4.61
1237,2.00
1238,3.00
1239,5.09
1240,2.00
1241,4.00
1242,7.26
1243,6.00
1244,2.00
1245,8.00
1246,6.00
1247,2.00
1248,8.00
1249,0.00
1250,8.00
1251,8.00
1252,0.00
1253,10.00
1254,10.00
1255,0.00
1256,10.00
1257,9.93
1258,10.00
1259,4.00
1260,24.85
1261,37.00
1262,0.00
1263,32.35
1264,20.00
1265,8.00
1266,21.63
1267,0.00
1268,16.00
1269,10.38
1270,8.00
1271,2.00
1272,7.09
1273,0.00
1274,6.00
1275,6.00
1276,0.00
1277,6.00
1278,7.00
1279,2.00
1280,5.00
1281,7.00
1282,3.00
1283,4.00
1284,7.00
1285,0.00
1286,7.00
1287,7.00
1288,0.00
1289,4.00
1290,0.00
1291,4.00
1292,4.00
1293,4.00
1294,0.00
1295,4.30
1296,3.00
1297,2.00
1298,5.00
1299,0.00
1300,5.00
1301,2.52
1302,1.00
1303,4.38
1304,0.00
1305,7.00
1306,7.00
1307,0.00
1308,7.00
1309,6.14
1310,3.00
1311,3.00
1312,6.00
1313,5.00
1314,6.00
1315,2.00
1316,4.00
1317,6.00
1318,1.00
1319,2.00
1320,4.00
1321,6.00
1322,6.00
1323,0.00
1324,6.00
1325,6.00
1326,4.00
1327,2.00
1328,6.00
1329,2.00
1330,4.00
1331,6.86
1332,5.00
1333,4.00
1334,9.57
1335,0.00
1336,11.00
1337,11.00
1338,4.00
1339,7.00
1340,11.00
1341,0.00
1342,11.00
1343,8.84
1344,0.00
1345,8.00
1346,8.00
1347,0.00
1348,6.00
1349,6.00
1350,4.00
1351,2.00
1352,6.00
1353,0.00
1354,6.00
1355,0.00
1356,6.00
1357,6.00
1358,0.00
1359,6.00
1360,6.55
1361,7.00
1362,7.00
1363,3.00
1364,3.00
1365,0.00
1366,3.00
1367,7.00
1368,1.00
1369,6.00
1370,4.75
1371,3.00
1372,2.00
1373,5.00
1374,5.00
1375,0.00
1376,1.00
1377,4.00
1378,5.00
1379,3.00
1380,2.00
1381,3.12
1382,3.00
1383,0.00
1384,3.00
1385,1.00
1386,2.00
1387,3.52
1388,4.00
1389,0.00
1390,4.00
1391,4.00
1392,0.00
1393,4.00
1394,4.00
1395,0.00
1396,4.00
1397,0.00
1398,4.00
1399,4.00
1400,0.00
1401,4.00
1402,1.00
1403,3.00
1404,4.00
1405,4.00
1406,0.00
1407,4.00
1408,2.00
1409,2.00
1410,4.00
1411,0.00
1412,4.00
1413,3.38
1414,0.00
1415,3.09
1416,2.00
1417,2.00
1418,4.00
1419,0.00
1420,4.00
1421,4.00
1422,4.00
1423,0.00
1424,4.00
1425,0.00
1426,4.00
1427,2.00
1428,4.00
1429,4.00
1430,1.00
1431,4.00
1432,2.00
1433,2.00
1434,4.00
1435,2.00
1436,2.00
1437,2.30
1438,2.00
1439,0.00
1440,6.29
1441,0.00
1442,8.00
1443,8.24
1444,8.00
1445,1.00
1446,6.62
1447,6.00
1448,1.00
1449,7.00
1450,3.00
1451,4.00
1452,6.94
1453,2.00
1454,5.00
1455,7.00
1456,0.00
1457,7.00
1458,7.00
1459,0.00
1460,7.00
1461,7.00
1462,6.00
1463,1.00
1464,6.36
1465,6.00
1466,0.00
1467,5.81
1468,4.00
1469,2.00
1470,6.00
1471,2.00
1472,4.00
1473,6.00
1474,4.00
1475,2.00
1476,6.00
1477,6.00
1478,0.00
1479,3.74
1480,2.00
1481,0.00
1482,0.86
1483,0.00
1484,0.00
1485,0.00
1486,0.00
1487,0.00
1488,0.00
1489,0.00
1490,0.00
1491,0.00
1492,0.00
1493,0.00
1494,0.00
1495,0.00
1496,0.00
1497,0.00
1498,1.00
1499,1.80
1500,0.00
1501,3.00
1502,3.00
1503,0.00
1504,3.00
1505,3.00
1506,1.00
1507,2.00
1508,3.00
1509,1.00
1510,2.00
1511,3.38
1512,1.00
1513,3.00
1514,4.00
1515,1.00
1516,3.00
1517,4.00
1518,0.00
1519,4.00
1520,4.00
1521,1.00
1522,3.00
1523,4.00
1524,4.00
1525,1.00
1526,3.00
1527,4.00
1528,1.00
1529,3.00
1530,4.00
1531,1.00
1532,3.00
1533,3.00
1534,0.00
1535,1.00
1536,1.00
1537,0.00
1538,1.00
1539,1.00
1540,0.00
1541,1.00
1542,1.00
1543,1.00
1544,0.00
1545,1.15
1546,0.00
1547,2.00
1548,2.00
1549,2.00
1550,0.00
1551,2.00
1552,2.00
1553,0.00
1554,4.55
1555,2.00
1556,3.00
1557,5.00
1558,2.00
1559,3.00
1560,5.00
1561,4.00
1562,1.00
1563,5.73
1564,6.00
1565,0.00
1566,6.00
1567,4.00
1568,2.00
1569,7.08
1570,4.00
1571,8.00
1572,1.00
1573,7.00
1574,8.00
1575,7.00
1576,6.00
1577,3.00
1578,5.00
1579,8.00
1580,3.00
1581,5.00
1582,8.00
1583,4.00
1584,4.00
1585,8.00
1586,6.00
1587,7.00
1588,1.00
1589,8.00
1590,3.00
1591,5.00
1592,8.00
1593,7.00
1594,1.00
1595,10.00
1596,4.00
1597,6.00
1598,10.00
1599,9.00
1600,1.00
1601,10.00
1602,2.00
1603,7.00
1604,1.00
1605,10.00
1606,1.00
1607,10.00
1608,3.00
1609,7.00
1610,10.00
1611,9.00
1612,1.00
1613,9.62
1614,9.00
1615,9.86
1616,10.00
1617,0.00
1618,10.00
1619,10.00
1620,0.00
1621,10.00
1622,10.00
1623,0.00
1624,10.00
1625,10.00
1626,0.00
1627,10.00
1628,0.00
1629,10.00
1630,10.00
1631,0.00
1632,10.00
1633,4.00
1634,4.00
1635,8.00
1636,8.00
1637,0.00
1638,8.00
1639,8.00
1640,0.00
1641,7.27
1642,0.00
1643,6.00
1644,6.00
1645,2.00
1646,4.00
1647,2.00
1648,4.00
1649,2.00
1650,6.00
1651,6.00
1652,0.00
1653,6.00
1654,6.00
1655,0.00
1656,2.00
1657,4.00
1658,6.86
1659,0.00
1660,8.00
1661,9.50
1662,8.00
1663,0.00
1664,9.00
1665,9.00
1666,9.00
1667,4.00
1668,5.00
1669,9.00
1670,7.00
1671,2.00
1672,9.00
1673,2.00
1674,7.00
1675,9.00
1676,9.00
1677,0.00
1678,0.00
1679,9.00
1680,9.00
1681,2.00
1682,7.00
1683,9.00
1684,0.00
1685,9.00
1686,9.20
1687,9.00
1688,1.00
1689,10.00
1690,1.00
1691,0.00
1692,10.00
1693,9.00
1694,1.00
1695,10.00
1696,0.00
1697,10.00
1698,7.52
1699,2.00
1700,4.00
1701,6.00
1702,1.00
1703,5.00
1704,6.00
1705,0.00
1706,6.00
1707,5.92
1708,2.00
1709,4.00
1710,6.00
1711,5.00
1712,1.00
1713,6.00
1714,4.00
1715,2.00
1716,6.00
1717,6.00
1718,0.00
1719,6.00
1720,6.00
1721,0.00
1722,6.00
1723,0.00
1724,4.00
1725,0.00
1726,4.00
1727,4.77
1728,2.00
1729,4.00
1730,5.71
1731,1.00
1732,4.00
1733,5.00
1734,3.00
1735,2.00
1736,5.89
1737,1.00
1738,6.00
1739,7.00
1740,1.00
1741,6.00
1742,7.00
1743,3.00
1744,4.00
1745,7.00
1746,1.00
1747,6.00
1748,7.00
1749,2.00
1750,5.00
1751,6.00
1752,1.00
1753,5.00
1754,6.00
1755,1.00
1756,5.00
1757,6.00
1758,1.00
1759,5.00
1760,6.00
1761,1.00
1762,5.00
1763,6.00
1764,1.00
1765,5.00
1766,6.00
1767,6.00
1768,0.00
1769,5.50
1770,0.00
1771,6.00
1772,6.29
1773,2.00
1774,6.00
1775,2.00
1776,0.00
1777,6.00
1778,6.80
1779,2.00
1780,4.00
1781,6.00
1782,0.00
1783,6.00
1784,6.00
1785,2.00
1786,4.00
1787,6.00
1788,2.00
1789,4.00
1790,6.00
1791,2.00
1792,4.00
1793,6.82
1794,2.00
1795,5.00
1796,7.00
1797,1.00
1798,6.00
1799,7.33
1800,2.00
1801,6.00
1802,8.00
1803,2.00
1804,6.00
1805,8.00
1806,0.00
1807,8.00
1808,8.00
1809,4.00
1810,4.00
1811,7.07
1812,2.00
1813,4.00
1814,6.00
1815,4.00
1816,2.00
1817,6.00
1818,4.00
1819,6.00
1820,2.00
1821,4.00
1822,6.83
1823,2.00
1824,5.00
1825,8.00
1826,5.00
1827,3.00
1828,9.16
1829,6.00
1830,4.00
1831,10.67
1832,5.00
1833,7.00
1834,11.76
1835,10.00
1836,1.00
1837,9.57
1838,7.00
1839,2.00
1840,9.00
1841,1.00
1842,8.00
1843,9.00
1844,2.00
1845,7.00
1846,5.00
1847,4.00
1848,10.14
1849,1.00
1850,11.00
1851,12.00
1852,8.00
1853,4.00
1854,12.00
1855,1.00
1856,11.00
1857,12.00
1858,11.00
1859,1.00
1860,10.83
1861,3.00
1862,4.00
1863,8.33
1864,8.00
1865,1.00
1866,9.00
1867,6.00
1868,3.00
1869,9.00
1870,0.00
1871,9.00
1872,9.00
1873,1.00
1874,8.00
1875,9.00
1876,6.00
1877,3.00
1878,1.00
1879,8.00
1880,7.00
1881,2.00
1882,1.00
1883,8.00
1884,3.00
1885,6.00
1886,9.00
1887,1.00
1888,9.00
1889,7.00
1890,2.00
1891,8.69
1892,5.00
1893,3.00
1894,7.67
1895,5.00
1896,2.00
1897,7.00
1898,4.00
1899,3.00
1900,7.00
1901,4.00
1902,3.00
1903,7.00
1904,4.00
1905,3.00
1906,4.00
1907,3.00
1908,6.00
1909,1.00
1910,5.15
1911,3.00
1912,2.00
1913,3.00
1914,3.00
1915,0.00
1916,3.00
1917,2.00
1918,1.00
1919,3.00
1920,0.00
1921,3.00
1922,0.00
1923,3.00
1924,1.00
1925,0.00
1926,2.00
1927,3.00
1928,3.00
1929,2.00
1930,1.00
1931,3.00
1932,3.00
1933,2.00
1934,2.00
1935,2.00
1936,0.00
1937,2.00
1938,2.00
1939,0.00
1940,2.00
1941,2.00
1942,0.00
1943,2.00
1944,2.00
1945,0.00
1946,2.00
1947,2.00
1948,0.00
1949,2.00
1950,2.00
1951,2.00
1952,0.00
1953,2.00
1954,2.00
1955,0.00
1956,2.00
1957,2.00
1958,0.00
1959,0.12
1960,0.00
1961,0.00
1962,0.00
1963,0.00
1964,1.03
1965,0.00
1966,0.00
1967,0.00
1968,0.00
1969,0.00
1970,0.00
1971,0.00
1972,0.00
1973,0.00
1974,2.00
1975,1.00
1976,2.34
1977,1.18
1978,1.30
1979,1.80
1980,1.29
1981,1.00
1982,0.00
1983,1.00
1984,1.00
1985,0.00
1986,0.50
1987,0.00
1988,0.00
1989,0.00
1990,0.00
1991,0.00
1992,0.00
1993,0.00
1994,0.00
1995,0.00
1996,0.00
1997,0.00
1998,0.00
1999,0.00
2000,0.00
2001,3.17
2002,2.00
2003,1.00
2004,3.00
2005,0.00
2006,3.00
2007,3.00
2008,2.00
2009,1.00
2010,3.00
2011,2.00
2012,1.00
2013,3.00
2014,0.00
2015,3.00
2016,3.00
2017,0.00
2018,3.00
2019,3.00
2020,1.00
2021,2.00
2022,3.00
2023,0.13
2024,2.30
2025,1.00
2026,0.00
2027,1.00
2028,2.00
2029,1.00
2030,1.00
2031,1.20
2032,0.00
2033,1.00
2034,1.00
2035,0.00
2036,1.00
2037,1.00
2038,0.00
2039,1.00
2040,1.00
2041,0.00
2042,1.00
2043,1.00
2044,0.00
2045,1.00
2046,0.00
2047,1.00
2048,1.00
2049,0.00
2050,1.00
2051,1.00
2052,0.00
2053,1.00
2054,1.00
2055,0.00
2056,1.00
2057,1.00
2058,1.00
2059,0.00
2060,1.00
2061,0.00
2062,1.00
2063,1.00
2064,0.00
2065,1.00
2066,1.00
2067,0.00
2068,1.00
2069,1.00
2070,0.00
2071,1.00
2072,1.00
2073,0.00
2074,1.00
2075,1.00
2076,0.00
2077,1.00
2078,0.00
2079,1.00
2080,1.00
2081,0.00
2082,1.00
2083,1.00
2084,0.00
2085,1.00
2086,1.00
2087,0.00
2088,1.00
2089,1.00
2090,1.00
2091,0.00
2092,1.00
2093,0.00
2094,1.00
2095,1.00
2096,0.00
2097,1.00
2098,1.00
2099,0.00
2100,0.00
2101,1.00
2102,1.00
2103,0.00
2104,1.00
2105,1.00
2106,0.00
2107,1.00
2108,0.89
2109,0.00
2110,0.00
2111,0.00
2112,0.00
2113,0.00
2114,0.00
2115,0.00
2116,0.00
2117,0.00
2118,0.00
2119,0.00
2120,0.00
2121,0.00
2122,0.00
2123,0.00
2124,0.00
2125,0.00
2126,0.00
2127,0.00
2128,0.00
2129,0.00
2130,0.00
2131,0.00
2132,0.00
2133,0.00
2134,1.00
2135,0.00
2136,1.00
2137,1.00
2138,0.00
2139,0.00
2140,0.00
2141,0.00
2142,0.00
2143,0.00
2144,0.00
2145,0.00
2146,0.00
2147,0.00
2148,0.00
2149,0.00
2150,0.00
2151,0.00
2152,0.00
2153,0.00
2154,0.00
2155,0.00
2156,0.00
2157,0.00
2158,0.00
2159,0.00
2160,0.00
2161,0.00
2162,0.00
2163,1.00
2164,1.00
2165,0.00
2166,1.00
2167,0.00
2168,1.00
2169,1.00
2170,0.00
2171,1.00
2172,1.00
2173,0.00
2174,0.00
2175,0.00
2176,1.00
2177,1.00
2178,0.00
2179,1.00
2180,1.00
2181,1.00
2182,0.00
2183,1.00
2184,1.00
2185,0.00
2186,1.00
2187,1.00
2188,0.00
2189,1.00
2190,0.00
2191,1.00
2192,1.00
2193,1.00
2194,1.00
2195,2.00
2196,2.00
2197,0.00
2198,2.00
2199,0.00
2200,2.00
2201,2.00
2202,0.00
2203,2.00
2204,2.00
2205,0.00
2206,2.00
2207,2.00
2208,0.00
2209,2.00
2210,0.00
2211,2.00
2212,2.00
2213,0.00
2214,0.00
2215,2.00
2216,2.00
2217,0.00
2218,2.00
2219,2.00
2220,0.00
2221,1.50
2222,1.00
2223,0.00
2224,1.00
2225,0.00
2226,1.00
2227,1.00
2228,1.00
2229,0.00
2230,0.00
2231,1.00
2232,1.00
2233,0.00
2234,1.00
2235,0.00
2236,1.00
2237,1.00
2238,1.00
2239,1.00
2240,0.00
2241,0.00
2242,0.00
2243,0.00
2244,1.00
2245,1.00
2246,0.00
2247,0.00
2248,0.00
2249,3.00
2250,3.00
2251,0.00
2252,3.00
2253,1.00
2254,4.00
2255,4.00
2256,0.00
2257,5.00
2258,5.00
2259,0.00
2260,0.00
2261,5.00
2262,5.00
2263,5.00
2264,0.00
2265,5.00
2266,0.00
2267,5.00
2268,5.00
2269,0.00
2270,5.00
2271,5.00
2272,0.00
2273,5.00
2274,0.00
2275,5.00
2276,5.00
2277,0.00
2278,5.00
2279,0.00
2280,5.00
2281,5.00
2282,0.00
2283,5.00
2284,5.00
2285,0.00
2286,5.00
2287,5.00
2288,0.00
2289,0.00
2290,5.00
2291,6.00
2292,0.00
2293,6.00
2294,6.00
2295,0.00
2296,6.00
2297,0.00
2298,6.00
2299,6.00
2300,0.00
2301,6.00
2302,0.00
2303,0.00
2304,6.00
2305,6.00
2306,6.00
2307,6.00
2308,0.00
2309,0.00
2310,6.00
2311,6.00
2312,6.00
2313,0.00
2314,6.00
2315,6.00
2316,0.00
2317,6.00
2318,2.00
2319,5.00
2320,5.00
2321,7.00
2322,2.00
2323,4.35
2324,2.00
2325,2.00
2326,4.00
2327,2.00
2328,2.00
2329,4.00
2330,2.00
2331,2.00
2332,4.00
2333,5.00
2334,0.00
2335,6.25
2336,5.00
2337,2.00
2338,7.00
2339,4.80
2340,3.12
2341,3.00
2342,0.00
2343,2.58
2344,1.00
2345,1.30
2346,3.00
2347,2.00
2348,1.00
2349,3.00
2350,0.00
2351,1.00
2352,2.00
2353,3.00
2354,2.00
2355,1.00
2356,3.00
2357,2.00
2358,1.00
2359,3.00
2360,2.00
2361,1.00
2362,2.92
2363,3.00
2364,0.00
2365,3.00
2366,1.00
2367,2.00
2368,3.00
2369,1.00
2370,4.00
2371,5.00
2372,0.00
2373,5.00
2374,5.00
2375,4.00
2376,1.00
2377,5.00
2378,1.00
2379,4.00
2380,5.00
2381,1.00
2382,4.00
2383,5.00
2384,1.00
2385,4.00
2386,5.00
2387,1.00
2388,4.00
2389,5.00
2390,1.00
2391,4.00
2392,1.00
2393,4.00
2394,5.00
2395,0.00
2396,5.00
2397,5.00
2398,0.00
2399,5.00
2400,5.00
2401,1.00
2402,4.00
2403,5.00
2404,1.00
2405,5.50
2406,5.43
2407,0.00
2408,5.00
2409,5.00
2410,0.00
2411,5.00
2412,5.86
2413,1.00
2414,6.00
2415,7.00
2416,1.00
2417,6.00
2418,7.00
2419,1.00
2420,6.00
2421,7.00
2422,0.00
2423,7.00
2424,7.00
2425,0.00
2426,7.00
2427,7.00
2428,0.00
2429,7.00
2430,7.00
2431,0.00
2432,7.00
2433,6.10
2434,0.00
2435,4.00
2436,4.00
2437,1.00
2438,4.00
2439,5.00
2440,0.00
2441,5.00
2442,5.00
2443,1.00
2444,4.00
2445,5.00
2446,1.00
2447,0.00
2448,4.00
2449,5.00
2450,1.00
2451,4.00
2452,5.00
2453,1.00
2454,4.00
2455,1.00
2456,4.00
2457,5.00
2458,1.00
2459,4.00
2460,5.00
2461,0.00
2462,5.00
2463,5.00
2464,0.00
2465,5.00
2466,1.00
2467,4.00
2468,5.00
2469,1.00
2470,4.00
2471,5.00
2472,1.00
2473,4.00
2474,5.00
2475,1.00
2476,4.00
2477,5.29
2478,0.00
2479,6.00
2480,6.00
2481,0.00
2482,6.00
2483,6.00
2484,0.00
2485,6.00
2486,7.36
2487,0.00
2488,9.00
2489,9.00
2490,0.00
2491,9.00
2492,9.00
2493,0.00
2494,9.00
2495,9.00
2496,0.00
2497,9.00
2498,9.00
2499,0.00
2500,9.00
2501,8.11
2502,8.64
2503,1.00
2504,7.00
2505,8.00
2506,1.00
2507,7.00
2508,8.00
2509,1.00
2510,7.00
2511,7.00
2512,1.00
2513,5.00
2514,6.00
2515,1.00
2516,0.00
2517,5.00
2518,6.00
2519,6.00
2520,0.00
2521,6.00
2522,1.00
2523,5.00
2524,6.21
2525,0.00
2526,7.00
2527,7.00
2528,0.00
2529,7.00
2530,7.00
2531,0.00
2532,7.00
2533,7.00
2534,0.00
2535,7.00
2536,8.91
2537,0.00
2538,9.00
2539,9.00
2540,7.00
2541,9.00
2542,7.00
2543,0.00
2544,4.19
2545,1.00
2546,3.00
2547,4.00
2548,1.00
2549,2.00
2550,3.00
2551,2.00
2552,1.00
2553,3.00
2554,0.00
2555,3.00
2556,1.00
2557,1.00
2558,0.00
2559,2.38
2560,0.00
2561,1.00
2562,1.00
2563,1.00
2564,1.00
2565,1.00
2566,0.00
2567,1.00
2568,1.00
2569,0.00
2570,1.00
2571,0.00
2572,1.00
2573,2.09
2574,1.00
2575,0.00
2576,2.00
2577,3.00
2578,3.00
2579,0.00
2580,3.00
2581,2.00
2582,1.00
2583,2.86
2584,2.00
2585,0.00
2586,2.00
2587,1.00
2588,1.00
2589,2.00
2590,2.00
2591,0.00
2592,2.75
2593,0.00
2594,3.00
2595,4.00
2596,0.00
2597,4.00
2598,4.00
2599,0.00
2600,4.00
2601,2.00
2602,4.00
2603,2.00
2604,2.00
2605,4.00
2606,2.00
2607,2.00
2608,4.00
2609,2.00
2610,2.00
2611,4.00
2612,4.00
2613,0.00
2614,4.00
2615,4.00
2616,0.00
2617,4.00
2618,4.00
2619,0.00
2620,4.00
2621,3.33
2622,0.00
2623,3.00
2624,3.00
2625,1.00
2626,1.00
2627,3.79
2628,0.00
2629,4.00
2630,4.00
2631,0.00
2632,4.00
2633,4.00
2634,0.00
2635,4.00
2636,3.21
2637,1.00
2638,2.00
2639,2.48
2640,0.00
2641,2.00
2642,3.38
2643,0.00
2644,4.00
2645,4.00
2646,0.00
2647,4.00
2648,4.00
2649,0.00
2650,4.00
2651,4.00
2652,4.00
2653,0.00
2654,4.00
2655,4.00
2656,0.00
2657,4.00
2658,0.00
2659,4.00
2660,4.00
2661,0.00
2662,3.11
2663,0.00
2664,2.00
2665,0.00
2666,2.00
2667,2.00
2668,0.00
2669,2.00
2670,2.00
2671,0.00
2672,2.00
2673,3.68
2674,1.00
2675,5.00
2676,1.00
2677,4.00
2678,5.00
2679,5.00
2680,0.00
2681,5.00
2682,1.00
2683,4.00
2684,5.00
2685,0.00
2686,5.00
2687,4.90
2688,1.00
2689,2.00
2690,3.00
2691,1.00
2692,2.00
2693,3.00
2694,1.00
2695,2.00
2696,3.50
2697,2.00
2698,2.00
2699,4.00
2700,5.00
2701,2.00
2702,6.92
2703,0.00
2704,10.00
2705,11.00
2706,5.00
2707,6.00
2708,11.38
2709,2.00
2710,10.00
2711,12.00
2712,11.00
2713,2.00
2714,12.93
2715,4.00
2716,8.00
2717,12.00
2718,9.33
2719,8.00
2720,2.00
2721,10.00
2722,8.69
2723,6.00
2724,1.00
2725,8.00
2726,2.00
2727,6.00
2728,8.00
2729,11.00
2730,5.00
2731,6.00
2732,11.00
2733,1.30
2734,12.00
2735,3.00
2736,9.00
2737,10.73
2738,1.00
2739,9.00
2740,10.00
2741,1.00
2742,9.00
2743,9.17
2744,1.00
2745,7.00
2746,8.00
2747,1.00
2748,7.00
2749,7.45
2750,5.00
2751,1.00
2752,6.00
2753,5.00
2754,2.00
2755,3.06
2756,0.00
2757,2.00
2758,1.84
2759,0.00
2760,1.00
2761,1.00
2762,0.00
2763,1.00
2764,1.00
2765,1.00
2766,0.00
2767,2.59
2768,1.00
2769,1.00
2770,2.00
2771,1.00
2772,1.00
2773,2.12
2774,4.00
2775,0.00
2776,4.00
2777,2.00
2778,2.00
2779,4.00
2780,3.00
2781,1.00
2782,3.95
2783,2.00
2784,2.00
2785,6.45
2786,6.00
2787,1.00
2788,6.40
2789,6.00
2790,6.00
2791,6.00
2792,0.00
2793,0.00
2794,6.00
2795,6.00
2796,6.00
2797,0.00
2798,6.00
2799,6.00
2800,0.00
2801,6.00
2802,6.00
2803,0.00
2804,6.00
2805,6.00
2806,0.00
2807,7.93
2808,8.00
2809,0.00
2810,9.23
2811,8.00
2812,4.00
2813,10.69
2814,6.00
2815,4.00
2816,10.00
2817,6.00
2818,0.00
2819,0.00
2820,10.00
2821,10.00
2822,0.00
2823,8.20
2824,8.00
2825,0.00
2826,8.00
2827,2.00
2828,6.00
2829,9.00
2830,0.00
2831,8.00
2832,8.00
2833,0.00
2834,8.00
2835,4.93
2836,0.00
2837,4.00
2838,4.95
2839,2.00
2840,2.00
2841,4.00
2842,2.00
2843,2.00
2844,2.00
2845,4.00
2846,0.00
2847,4.00
2848,2.00
2849,2.00
2850,4.75
2851,4.00
2852,1.00
2853,5.00
2854,4.00
2855,2.00
2856,6.00
2857,4.00
2858,0.00
2859,4.00
2860,4.00
2861,6.00
2862,2.00
2863,4.00
2864,4.17
2865,4.00
2866,0.00
2867,5.29
2868,4.00
2869,2.00
2870,4.31
2871,2.00
2872,2.00
2873,7.53
2874,8.00
2875,0.00
2876,8.00
2877,8.50
2878,3.00
2879,3.00
2880,3.00
2881,0.00
2882,3.00
2883,8.09
2884,6.00
2885,1.00
2886,9.00
2887,9.00
2888,0.00
2889,9.00
2890,1.00
2891,9.00
2892,8.00
2893,1.00
2894,9.00
2895,0.00
2896,9.00
2897,9.00
2898,1.00
2899,8.00
2900,7.00
2901,6.00
2902,1.00
2903,6.98
2904,0.00
2905,6.00
2906,5.00
2907,1.00
2908,5.57
2909,0.00
2910,5.00
2911,5.00
2912,4.00
2913,2.00
2914,7.14
2915,1.00
2916,8.00
2917,7.00
2918,1.00
2919,7.75
2920,4.00
2921,4.00
2922,7.82
2923,7.00
2924,1.00
2925,8.00
2926,2.00
2927,6.00
2928,8.00
2929,3.00
2930,5.00
2931,7.60
2932,5.00
2933,5.33
2934,0.00
2935,5.00
2936,6.25
2937,4.00
2938,0.00
2939,4.00
2940,2.00
2941,2.00
2942,4.00
2943,4.00
2944,0.00
2945,4.00
2946,6.00
2947,0.00
2948,6.00
2949,6.00
2950,0.00
2951,9.77
2952,10.00
2953,0.00
2954,10.00
2955,10.00
2956,0.00
2957,10.00
2958,10.00
2959,0.00
2960,10.00
2961,8.00
2962,0.00
2963,8.00
2964,8.00
2965,0.00
2966,8.00
2967,8.00
2968,0.00
2969,8.00
2970,4.00
2971,4.00
2972,8.00
2973,8.00
2974,0.00
2975,8.00
2976,8.00
2977,0.00
2978,8.00
2979,4.00
2980,4.00
2981,7.43
2982,6.00
2983,0.00
2984,6.00
2985,6.00
2986,0.00
2987,7.80
2988,4.00
2989,0.00
2990,4.00
2991,0.00
2992,4.00
2993,4.00
2994,4.00
2995,4.00
2996,0.00
2997,4.52
2998,4.00
2999,1.00
3000,5.15
3001,4.00
3002,2.00
3003,6.00
3004,4.00
3005,0.00
3006,2.00
3007,6.00
3008,6.00
3009,4.00
3010,2.00
3011,6.00
3012,4.00
3013,2.00
3014,6.00
3015,4.00
3016,2.00
3017,6.00
3018,4.00
3019,2.00
3020,6.00
3021,4.00
3022,2.00
3023,6.00
3024,6.00
3025,0.00
3026,5.00
3027,2.00
3028,0.00
3029,2.00
3030,2.00
3031,0.00
3032,3.39
3033,3.00
3034,0.00
3035,3.00
3036,2.00
3037,1.00
3038,2.89
3039,2.00
3040,0.00
3041,2.00
3042,2.00
3043,0.00
3044,3.67
3045,3.00
3046,2.00
3047,5.00
3048,5.00
3049,0.00
3050,5.00
3051,2.00
3052,3.00
3053,5.94
3054,5.00
3055,1.00
3056,6.00
3057,2.00
3058,4.00
3059,6.00
3060,2.00
3061,4.00
3062,5.00
3063,1.00
3064,5.60
3065,3.00
3066,1.00
3067,4.00
3068,3.00
3069,1.00
3070,4.00
3071,4.00
3072,0.00
3073,4.00
3074,3.00
3075,1.00
3076,6.00
3077,2.00
3078,4.00
3079,6.00
3080,6.00
3081,0.00
3082,4.00
3083,4.00
3084,0.00
3085,4.00
3086,4.00
3087,0.00
3088,3.79
3089,3.00
3090,0.00
3091,4.09
3092,1.00
3093,4.00
3094,5.00
3095,1.00
3096,5.00
3097,5.00
3098,0.00
3099,5.00
3100,5.00
3101,0.00
3102,5.00
3103,5.00
3104,0.00
3105,5.00
3106,5.00
3107,0.00
3108,6.45
3109,9.00
3110,0.00
3111,9.00
3112,8.00
3113,1.00
3114,11.40
3115,11.00
3116,1.00
3117,12.00
3118,11.00
3119,1.00
3120,10.54
3121,8.00
3122,1.00
3123,9.00
3124,0.00
3125,9.50
3126,10.00
3127,1.00
3128,11.60
3129,10.00
3130,6.00
3131,2.00
3132,6.00
3133,12.00
3134,6.00
3135,6.00
3136,12.00
3137,10.00
3138,2.00
3139,12.00
3140,12.00
3141,0.00
3142,12.00
3143,8.00
3144,4.00
3145,12.00
3146,6.00
3147,6.00
3148,13.43
3149,12.00
3150,2.00
3151,14.00
3152,12.00
3153,2.00
3154,14.50
3155,16.00
3156,0.00
3157,16.00
3158,12.00
3159,4.00
3160,16.00
3161,14.00
3162,2.00
3163,16.00
3164,2.00
3165,16.00
3166,14.00
3167,2.00
3168,16.00
3169,14.00
3170,2.00
3171,12.67
3172,10.00
3173,2.00
3174,11.77
3175,10.00
3176,8.90
3177,8.00
3178,0.00
3179,8.00
3180,8.00
3181,0.00
3182,8.00
3183,8.00
3184,0.00
3185,8.00
3186,8.00
3187,0.00
3188,6.35
3189,6.00
3190,0.00
3191,6.00
3192,7.00
3193,7.00
3194,7.00
3195,0.00
3196,6.83
3197,7.00
3198,0.00
3199,7.00
3200,0.00
3201,7.00
3202,7.00
3203,0.00
3204,7.00
3205,7.00
3206,0.00
3207,7.00
3208,0.00
3209,3.55
3210,3.00
3211,0.00
3212,3.00
3213,3.00
3214,0.00
3215,2.38
3216,1.00
3217,0.00
3218,1.00
3219,1.00
3220,0.00
3221,1.00
3222,1.00
3223,0.00
3224,1.00
3225,1.00
3226,0.00
3227,1.00
3228,1.00
3229,0.00
3230,1.00
3231,1.00
3232,0.00
3233,1.00
3234,0.00
3235,1.00
3236,1.00
3237,1.00
3238,0.00
3239,1.00
3240,1.00
3241,0.00
3242,1.00
3243,1.00
3244,0.00
3245,1.00
3246,1.00
3247,0.00
3248,1.00
3249,1.00
3250,0.00
3251,1.00
3252,1.00
3253,0.00
3254,1.00
3255,1.00
3256,0.00
3257,1.00
3258,0.00
3259,1.00
3260,1.00
3261,0.00
3262,1.00
3263,1.00
3264,0.00
3265,1.00
3266,1.00
3267,0.00
3268,0.00
3269,0.00
3270,0.00
3271,0.00
3272,0.00
3273,0.00
3274,0.00
3275,0.00
3276,0.00
3277,0.00
3278,0.00
3279,0.00
3280,0.00
3281,0.00
3282,0.00
3283,0.56
3284,5.00
3285,0.00
3286,5.00
3287,5.00
3288,0.00
3289,5.00
3290,5.00
3291,0.00
3292,5.17
3293,4.00
3294,6.00
3295,5.00
3296,1.00
3297,6.00
3298,1.00
3299,6.59
3300,7.00
3301,0.00
3302,7.00
3303,1.00
3304,6.00
3305,7.00
3306,6.00
3307,1.00
3308,7.00
3309,6.00
3310,1.00
3311,7.00
3312,6.00
3313,1.00
3314,7.00
3315,6.00
3316,1.00
3317,7.00
3318,7.00
3319,0.00
3320,7.00
3321,7.00
3322,0.00
3323,7.00
3324,6.00
3325,1.00
3326,7.00
3327,5.00
3328,2.00
3329,7.00
3330,5.00
3331,2.00
3332,6.00
3333,1.00
3334,7.00
3335,6.00
3336,1.00
3337,8.94
3338,8.00
3339,1.00
3340,9.00
3341,8.00
3342,1.00
3343,9.00
3344,7.00
3345,2.00
3346,8.00
3347,1.00
3348,8.05
3349,3.00
3350,1.00
3351,4.67
3352,4.00
3353,1.00
3354,5.00
3355,2.00
3356,3.00
3357,5.00
3358,2.00
3359,1.00
3360,6.14
3361,6.00
3362,0.00
3363,6.00
3364,6.00
3365,0.00
3366,6.00
3367,0.00
3368,6.00
3369,6.18
3370,8.00
3371,0.00
3372,8.00
3373,8.00
3374,0.00
3375,7.78
3376,2.00
3377,2.00
3378,4.00
3379,4.00
3380,0.00
3381,2.00
3382,2.00
3383,4.00
3384,4.00
3385,0.00
3386,4.00
3387,3.00
3388,1.00
3389,4.00
3390,0.00
3391,3.86
3392,5.00
3393,1.00
3394,6.00
3395,5.00
3396,1.00
3397,6.22
3398,6.00
3399,1.00
3400,7.00
3401,0.00
3402,7.00
3403,7.00
3404,6.00
3405,1.00
3406,7.00
3407,6.00
3408,1.00
3409,6.00
3410,1.00
3411,7.00
3412,6.00
3413,1.00
3414,6.49
3415,4.00
3416,1.00
3417,4.41
3418,6.00
3419,1.00
3420,7.00
3421,6.00
3422,1.00
3423,9.05
3424,9.00
3425,1.00
3426,10.52
3427,13.00
3428,0.00
3429,12.80
3430,12.00
3431,0.00
3432,12.38
3433,11.00
3434,0.00
3435,8.00
3436,6.00
3437,0.00
3438,6.38
3439,11.00
3440,0.00
3441,11.00
3442,11.00
3443,0.00
3444,11.00
3445,11.00
3446,0.00
3447,11.00
3448,11.00
3449,0.00
3450,10.00
3451,8.00
3452,0.00
3453,8.00
3454,8.00
3455,0.00
3456,8.00
3457,8.00
3458,0.00
3459,8.00
3460,0.00
3461,7.43
3462,8.00
3463,0.00
3464,8.00
3465,8.00
3466,0.00
3467,8.00
3468,8.00
3469,0.00
3470,8.00
3471,8.00
3472,0.00
3473,8.00
3474,0.00
3475,8.00
3476,8.00
3477,8.00
3478,0.00
3479,8.00
3480,8.00
3481,0.00
3482,8.00
3483,8.00
3484,0.00
3485,8.00
3486,6.00
3487,1.18
3488,0.00
3489,2.00
3490,2.00
3491,1.00
3492,1.00
3493,1.00
3494,1.00
3495,2.00
3496,0.00
3497,2.00
3498,2.00
3499,1.00
3500,1.00
3501,2.00
3502,1.00
3503,1.00
3504,2.00
3505,1.00
3506,1.00
3507,2.00
3508,1.00
3509,1.00
3510,2.25
3511,1.00
3512,2.00
3513,3.00
3514,1.00
3515,2.00
3516,3.00
3517,1.00
3518,2.00
3519,3.00
3520,3.00
3521,0.00
3522,3.00
3523,2.00
3524,1.00
3525,6.83
3526,4.00
3527,4.00
3528,8.00
3529,5.00
3530,3.00
3531,7.67
3532,4.00
3533,2.00
3534,6.00
3535,4.00
3536,2.00
3537,6.00
3538,6.00
3539,0.00
3540,6.00
3541,4.00
3542,2.00
3543,0.00
3544,6.00
3545,4.00
3546,2.00
3547,6.00
3548,4.00
3549,2.00
3550,6.00
3551,4.00
3552,2.00
3553,5.40
3554,4.00
3555,1.00
3556,3.75
3557,0.00
3558,2.00
3559,1.14
3560,0.00
3561,1.00
3562,0.00
3563,1.00
3564,1.00
3565,1.00
3566,0.00
3567,1.00
3568,1.00
3569,0.00
3570,7.57
3571,9.00
3572,0.00
3573,9.00
3574,9.00
3575,0.00
3576,8.67
3577,5.00
3578,0.00
3579,6.55
3580,8.00
3581,2.00
3582,10.00
3583,0.00
3584,10.00
3585,8.00
3586,2.00
3587,10.00
3588,8.00
3589,2.00
3590,10.00
3591,8.00
3592,2.00
3593,10.00
3594,8.00
3595,2.00
3596,13.12
3597,12.00
3598,1.00
3599,12.00
3600,1.00
3601,12.15
3602,12.00
3603,1.00
3604,13.00
3605,13.00
3606,0.00
3607,13.94
3608,12.00
3609,2.00
3610,14.00
3611,13.00
3612,1.00
3613,14.00
3614,13.00
3615,1.00
3616,11.88
3617,9.00
3618,0.00
3619,9.00
3620,9.00
3621,0.00
3622,9.00
3623,9.00
3624,0.00
3625,9.00
3626,9.00
3627,0.00
3628,9.00
3629,9.00
3630,0.00
3631,7.00
3632,5.00
3633,0.00
3634,8.17
3635,8.00
3636,1.00
3637,9.62
3638,12.00
3639,1.00
3640,9.42
3641,8.00
3642,1.00
3643,8.75
3644,8.00
3645,0.00
3646,9.23
3647,12.00
3648,0.00
3649,12.00
3650,12.00
3651,0.00
3652,12.00
3653,12.00
3654,0.00
3655,12.00
3656,12.00
3657,0.00
3658,12.00
3659,0.00
3660,8.40
3661,8.00
3662,0.00
3663,8.00
3664,8.00
3665,0.00
3666,5.16
3667,5.00
3668,0.00
3669,5.00
3670,5.00
3671,0.00
3672,5.00
3673,4.00
3674,1.00
3675,4.95
3676,4.00
3677,1.00
3678,5.00
3679,4.00
3680,1.00
3681,2.33
3682,1.00
3683,0.00
3684,1.00
3685,0.00
3686,1.00
3687,1.00
3688,0.00
3689,1.00
3690,1.00
3691,0.00
3692,1.00
3693,1.00
3694,0.00
3695,1.00
3696,1.00
3697,0.00
3698,1.12
3699,4.00
3700,1.00
3701,5.00
3702,5.00
3703,0.00
3704,5.00
3705,5.00
3706,0.00
3707,6.85
3708,8.00
3709,1.00
3710,8.15
3711,8.00
3712,0.00
3713,8.00
3714,8.00
3715,0.00
3716,8.00
3717,0.51
3718,8.32
3719,12.00
3720,0.00
3721,12.00
3722,12.00
3723,0.00
3724,12.00
3725,12.00
3726,0.00
3727,12.00
3728,12.00
3729,12.00
3730,12.00
3731,0.00
3732,11.40
3733,8.00
3734,0.00
3735,2.97
3736,0.00
3737,0.00
3738,0.00
3739,0.00
3740,0.00
3741,0.00
3742,0.00
3743,0.00
3744,3.53
3745,1.00
3746,6.00
3747,7.00
3748,7.00
3749,0.00
3750,7.80
3751,9.00
3752,0.00
3753,9.00
3754,9.00
3755,0.00
3756,9.00
3757,1.00
3758,8.00
3759,9.00
3760,9.00
3761,9.00
3762,8.85
3763,8.00
3764,0.00
3765,8.00
3766,8.00
3767,0.00
3768,8.00
3769,8.00
3770,0.00
3771,8.00
3772,0.00
3773,8.00
3774,0.00
3775,4.08
3776,2.00
3777,0.00
3778,2.00
3779,0.00
3780,2.00
3781,2.00
3782,0.00
3783,2.00
3784,2.00
3785,0.00
3786,2.00
3787,2.00
3788,0.00
3789,2.00
3790,2.00
3791,0.00
3792,2.00
3793,2.00
3794,0.00
3795,2.00
3796,2.00
3797,0.00
3798,2.00
3799,2.00
3800,0.00
3801,0.00
3802,2.00
3803,2.12
3804,1.47
3805,1.00
3806,0.00
3807,0.00
3808,0.00
3809,0.00
3810,1.00
3811,0.00
3812,1.00
3813,1.00
3814,0.00
3815,1.00
3816,1.00
3817,0.00
3818,1.00
3819,1.00
3820,0.00
3821,1.00
3822,0.00
3823,1.00
3824,1.00
3825,0.00
3826,1.33
3827,3.00
3828,0.00
3829,3.00
3830,0.00
3831,3.00
3832,0.00
3833,3.00
3834,3.00
3835,0.00
3836,3.00
3837,0.00
3838,3.00
3839,3.00
3840,3.00
3841,3.00
3842,3.00
3843,0.00
3844,3.00
3845,3.00
3846,0.00
3847,0.00
3848,3.00
3849,3.00
3850,0.00
3851,3.00
3852,3.00
3853,0.00
3854,3.00
3855,3.00
3856,0.00
3857,3.00
3858,0.00
3859,3.00
3860,3.00
3861,3.00
3862,0.00
3863,3.00
3864,3.00
3865,0.00
3866,3.00
3867,3.00
3868,0.00
3869,3.00
3870,3.00
3871,0.00
3872,3.00
3873,3.00
3874,0.00
3875,3.00
3876,3.00
3877,0.00
3878,3.36
3879,3.00
3880,0.00
3881,3.00
3882,3.00
3883,0.00
3884,3.00
3885,3.00
3886,0.00
3887,3.00
3888,3.00
3889,3.25
3890,1.00
3891,4.00
3892,5.00
3893,3.00
3894,2.00
3895,5.00
3896,3.00
3897,2.00
3898,4.00
3899,1.00
3900,2.00
3901,4.53
3902,2.00
3903,3.00
3904,5.00
3905,2.00
3906,3.00
3907,5.00
3908,2.00
3909,3.00
3910,5.00
3911,2.00
3912,5.00
3913,2.00
3914,3.00
3915,5.00
3916,2.00
3917,3.00
3918,4.40
3919,1.00
3920,3.00
3921,4.00
3922,0.00
3923,4.00
3924,4.00
3925,1.00
3926,3.00
3927,4.00
3928,1.00
3929,3.00
3930,4.00
3931,1.00
3932,3.00
3933,4.00
3934,1.00
3935,3.00
3936,4.00
3937,1.00
3938,3.00
3939,3.74
3940,1.00
3941,1.00
3942,0.00
3943,1.00
3944,1.00
3945,0.00
3946,1.00
3947,1.00
3948,0.00
3949,1.00
3950,1.00
3951,0.00
3952,1.00
3953,0.00
3954,1.00
3955,0.04
3956,0.00
3957,0.00
3958,0.00
3959,0.84
3960,0.00
3961,0.00
3962,0.41
3963,0.00
3964,1.00
3965,1.00
3966,0.00
3967,1.00
3968,1.00
3969,0.00
3970,1.00
3971,1.00
3972,1.00
3973,0.00
3974,1.11
3975,1.00
3976,2.00
3977,3.00
3978,1.00
3979,2.00
3980,3.00
3981,1.00
3982,2.00
3983,3.00
3984,1.00
3985,2.00
3986,2.18
3987,2.00
3988,0.00
3989,2.24
3990,1.00
3991,2.00
3992,4.12
3993,4.00
3994,1.00
3995,5.00
3996,1.00
3997,4.00
3998,5.00
3999,4.00
4000,1.00
4001,5.00
4002,4.00
4003,1.00
4004,5.00
4005,4.00
4006,1.00
4007,3.46
4008,1.00
4009,2.00
4010,3.98
4011,1.00
4012,3.00
4013,4.31
4014,0.00
4015,4.00
4016,2.05
4017,0.00
4018,2.00
4019,2.00
4020,0.00
4021,2.00
4022,1.00
4023,1.00
4024,2.00
4025,0.00
4026,2.00
4027,2.00
4028,2.00
4029,0.00
4030,2.00
4031,2.00
4032,0.00
4033,3.70
4034,2.00
4035,2.00
4036,3.94
4037,2.00
4038,2.00
4039,4.00
4040,4.00
4041,0.00
4042,4.00
4043,2.00
4044,2.00
4045,2.77
4046,0.00
4047,1.00
4048,1.00
4049,1.00
4050,0.57
4051,0.00
4052,0.00
4053,0.00
4054,0.00
4055,0.00
4056,0.00
4057,0.00
4058,0.00
4059,0.00
4060,0.00
4061,0.00
4062,0.00
4063,0.00
4064,0.00
4065,0.49
4066,0.00
4067,1.00
4068,2.00
4069,1.00
4070,1.00
4071,1.79
4072,2.00
4073,0.00
4074,2.00
4075,1.00
4076,1.00
4077,2.31
4078,2.00
4079,3.00
4080,3.00
4081,0.00
4082,3.00
4083,2.00
4084,0.00
4085,1.00
4086,3.00
4087,2.00
4088,1.00
4089,3.00
4090,2.00
4091,3.00
4092,5.00
4093,2.00
4094,3.00
4095,5.00
4096,2.00
4097,3.00
4098,5.00
4099,2.00
4100,2.00
4101,4.00
4102,2.00
4103,2.00
4104,5.30
4105,2.00
4106,4.00
4107,6.00
4108,2.00
4109,4.00
4110,6.00
4111,6.00
4112,0.00
4113,6.00
4114,2.00
4115,4.00
4116,6.00
4117,0.00
4118,4.92
4119,0.00
4120,1.00
4121,4.00
4122,4.00
4123,5.00
4124,1.00
4125,4.00
4126,5.00
4127,1.00
4128,4.00
4129,5.00
4130,1.00
4131,4.00
4132,5.00
4133,1.00
4134,4.00
4135,5.00
4136,1.00
4137,5.00
4138,6.00
4139,1.00
4140,5.00
4141,6.00
4142,5.00
4143,5.80
4144,1.00
4145,3.00
4146,4.00
4147,1.00
4148,3.00
4149,4.00
4150,1.00
4151,2.00
4152,1.00
4153,3.54
4154,1.00
4155,1.00
4156,2.00
4157,1.00
4158,1.00
4159,2.73
4160,3.00
4161,1.00
4162,4.00
4163,1.00
4164,3.00
4165,4.00
4166,1.00
4167,3.00
4168,4.00
4169,1.00
4170,3.00
4171,4.00
4172,1.00
4173,5.00
4174,6.00
4175,1.00
4176,5.00
4177,6.00
4178,1.00
4179,5.00
4180,6.00
4181,5.00
4182,1.00
4183,6.00
4184,1.00
4185,5.00
4186,6.00
4187,1.00
4188,5.00
4189,6.00
4190,5.00
4191,1.00
4192,6.00
4193,1.00
4194,4.00
4195,5.28
4196,1.00
4197,4.00
4198,5.00
4199,1.00
4200,4.00
4201,5.00
4202,4.00
4203,1.00
4204,4.62
4205,0.00
4206,4.00
4207,4.00
4208,4.00
4209,4.00
4210,0.00
4211,4.00
4212,4.00
4213,0.00
4214,4.00
4215,3.83
4216,0.00
4217,2.00
4218,2.00
4219,0.00
4220,2.00
4221,2.00
4222,0.00
4223,2.00
4224,2.00
4225,0.00
4226,2.00
4227,1.00
4228,0.00
4229,0.00
4230,0.00
4231,0.00
4232,0.00
4233,0.00
4234,0.00
4235,0.00
4236,0.00
4237,0.00
4238,0.00
4239,0.00
4240,0.00
4241,0.00
4242,0.00
4243,0.00
4244,0.00
4245,0.00
4246,0.00
4247,0.00
4248,0.00
4249,0.00
4250,0.00
4251,0.00
4252,0.29
4253,0.00
4254,1.00
4255,0.00
4256,1.00
4257,1.00
4258,2.00
4259,2.00
4260,3.00
4261,1.00
4262,2.00
4263,2.00
4264,1.00
4265,3.00
4266,1.00
4267,2.00
4268,3.00
4269,0.00
4270,3.00
4271,3.00
4272,0.00
4273,3.00
4274,3.00
4275,0.00
4276,3.00
4277,3.00
4278,0.00
4279,3.00
4280,3.00
4281,0.00
4282,3.00
4283,3.00
4284,0.00
4285,3.00
4286,3.00
4287,1.00
4288,2.00
4289,3.00
4290,0.00
4291,3.00
4292,3.00
4293,1.00
4294,3.00
4295,0.00
4296,2.00
4297,1.00
4298,3.00
4299,3.00
4300,3.00
4301,0.00
4302,3.00
4303,3.00
4304,1.00
4305,2.00
4306,3.00
4307,2.00
4308,1.00
4309,2.22
4310,0.00
4311,2.00
4312,2.00
4313,0.00
4314,2.00
4315,2.00
4316,0.00
4317,2.00
4318,0.53
4319,0.00
4320,0.00
4321,0.00
4322,0.00
4323,0.00
4324,0.00
4325,0.00
4326,0.00
4327,0.00
4328,0.00
4329,0.00
4330,0.00
4331,0.00
4332,0.00
4333,0.00
4334,0.00
4335,0.00
4336,0.00
4337,0.00
4338,0.00
4339,2.00
4340,0.00
4341,2.00
4342,2.00
4343,0.00
4344,2.00
4345,2.00
4346,2.85
4347,0.00
4348,4.00
4349,4.00
4350,0.00
4351,4.00
4352,4.00
4353,0.00
4354,4.00
4355,2.63
4356,0.00
4357,0.00
4358,0.00
4359,0.00
4360,0.00
4361,0.00
4362,0.00
4363,0.00
4364,0.00
4365,0.00
4366,0.00
4367,0.00
4368,0.00
4369,0.00
4370,0.78
4371,0.00
4372,1.00
4373,1.00
4374,0.00
4375,1.00
4376,1.00
4377,1.00
4378,0.00
4379,1.31
4380,4.00
4381,2.00
4382,6.00
4383,4.00
4384,2.00
4385,6.00
4386,4.00
4387,5.88
4388,2.00
4389,4.00
4390,5.96
4391,2.00
4392,4.00
4393,5.26
4394,2.00
4395,2.00
4396,1.05
4397,0.00
4398,1.00
4399,1.00
4400,0.00
4401,1.00
4402,2.43
4403,2.00
4404,0.00
4405,2.00
4406,1.00
4407,2.00
4408,0.00
4409,2.00
4410,2.63
4411,0.00
4412,4.00
4413,4.00
4414,0.00
4415,4.00
4416,3.84
4417,1.00
4418,2.00
4419,3.00
4420,1.00
4421,2.00
4422,2.60
4423,0.00
4424,1.00
4425,0.00
4426,0.69
4427,0.00
4428,0.00
4429,0.00
4430,0.00
4431,0.00
4432,0.00
4433,0.00
4434,0.00
4435,0.00
4436,0.00
4437,0.00
4438,0.00
4439,0.00
4440,0.00
4441,2.22
4442,0.00
4443,4.00
4444,4.00
4445,0.00
4446,4.00
4447,4.00
4448,4.00
4449,0.00
4450,4.00
4451,4.00
4452,4.04
4453,1.00
4454,4.00
4455,5.00
4456,1.00
4457,4.00
4458,7.00
4459,1.00
4460,6.00
4461,7.00
4462,1.00
4463,6.00
4464,7.00
4465,1.00
4466,6.00
4467,6.04
4468,1.00
4469,4.00
4470,3.42
4471,1.00
4472,2.00
4473,3.00
4474,1.00
4475,2.00
4476,2.65
4477,0.00
4478,2.00
4479,2.00
4480,0.00
4481,2.00
4482,2.00
4483,0.00
4484,2.00
4485,2.00
4486,0.00
4487,2.00
4488,2.36
4489,1.00
4490,2.00
4491,3.00
4492,1.00
4493,3.00
4494,2.00
4495,1.00
4496,4.89
4497,1.00
4498,3.00
4499,3.60
4500,1.00
4501,2.00
4502,3.73
4503,1.00
4504,6.00
4505,7.00
4506,1.00
4507,6.00
4508,6.52
4509,6.00
4510,1.00
4511,7.00
4512,6.00
4513,1.00
4514,7.00
4515,6.00
4516,7.00
4517,1.00
4518,6.00
4519,8.41
4520,8.00
4521,2.00
4522,10.06
4523,2.00
4524,10.00
4525,9.36
4526,2.00
4527,6.00
4528,8.54
4529,1.00
4530,8.00
4531,9.00
4532,1.00
4533,8.00
4534,7.24
4535,0.00
4536,4.00
4537,4.00
4538,0.00
4539,4.00
4540,4.00
4541,0.00
4542,4.00
4543,4.00
4544,0.00
4545,4.00
4546,4.40
4547,0.00
4548,3.58
4549,1.00
4550,2.00
4551,3.00
4552,1.00
4553,2.00
4554,3.00
4555,1.00
4556,2.00
4557,3.00
4558,1.00
4559,2.00
4560,3.00
4561,1.00
4562,2.00
4563,3.00
4564,1.00
4565,2.00
4566,3.00
4567,1.00
4568,2.00
4569,3.00
4570,1.00
4571,2.00
4572,3.00
4573,1.00
4574,0.00
4575,1.00
4576,1.00
4577,0.00
4578,1.00
4579,1.00
4580,0.00
4581,1.00
4582,1.00
4583,0.00
4584,1.00
4585,0.00
4586,1.00
4587,1.00
4588,0.00
4589,1.00
4590,0.00
4591,1.00
4592,1.00
4593,0.00
4594,1.00
4595,1.00
4596,1.00
4597,0.00
4598,1.00
4599,1.00
4600,0.00
4601,1.00
4602,1.00
4603,0.00
4604,1.50
4605,1.00
4606,1.00
4607,2.00
4608,2.00
4609,0.00
4610,2.00
4611,1.00
4612,1.00
4613,2.00
4614,1.00
4615,1.00
4616,2.00
4617,1.00
4618,1.00
4619,2.00
4620,1.00
4621,1.00
4622,2.00
4623,1.00
4624,1.00
4625,2.00
4626,1.00
4627,1.00
4628,2.00
4629,1.00
4630,1.00
4631,2.00
4632,1.00
4633,1.00
4634,2.00
4635,1.00
4636,1.00
4637,2.00
4638,1.00
4639,1.00
4640,2.00
4641,1.00
4642,1.00
4643,2.00
4644,1.00
4645,1.00
4646,2.00
4647,1.00
4648,1.00
4649,1.60
4650,0.00
4651,1.00
4652,1.00
4653,0.00
4654,1.00
4655,1.00
4656,0.00
4657,1.00
4658,1.00
4659,0.00
4660,1.00
4661,1.00
4662,0.00
4663,1.00
4664,1.18
4665,1.00
4666,1.00
4667,2.00
4668,1.00
4669,1.00
4670,2.00
4671,1.00
4672,1.00
4673,2.00
4674,1.00
4675,1.00
4676,2.00
4677,1.00
4678,1.00
4679,2.00
4680,1.00
4681,1.00
4682,2.00
4683,1.00
4684,1.00
4685,2.00
4686,1.00
4687,1.00
4688,1.40
4689,0.00
4690,1.00
4691,1.00
4692,0.00
4693,1.00
4694,1.00
4695,1.00
4696,0.00
4697,1.00
4698,1.00
4699,0.00
4700,1.00
4701,1.00
4702,0.00
4703,1.00
4704,1.00
4705,0.00
4706,1.00
4707,1.00
4708,0.00
4709,1.00
4710,1.00
4711,0.00
4712,1.00
4713,1.00
4714,0.00
4715,1.00
4716,1.00
4717,0.00
4718,1.00
4719,0.00
4720,1.00
4721,1.00
4722,1.00
4723,0.00
4724,1.00
4725,0.00
4726,1.00
4727,1.00
4728,1.00
4729,0.00
4730,1.00
4731,1.00
4732,0.00
4733,1.00
4734,1.00
4735,0.00
4736,0.69
4737,0.00
4738,0.00
4739,0.00
4740,0.00
4741,0.00
4742,0.00
4743,0.00
4744,0.00
4745,0.00
4746,0.00
4747,0.00
4748,0.00
4749,0.00
4750,0.00
4751,0.00
4752,0.00
4753,0.00
4754,0.00
4755,0.00
4756,0.00
4757,0.00
4758,0.00
4759,0.00
4760,0.00
4761,0.00
4762,0.00
4763,0.00
4764,0.00
4765,0.00
4766,0.00
4767,0.00
4768,0.00
4769,0.00
