Name,Coverage,Colour
1,0.75,#a75000
2,0.0,#202020
3,5.0,#b26400
4,8.89,#bb7700
5,11.0,#c08100
6,11.81,#c28500
7,1.0,#a85100
8,11.0,#c08100
9,12.0,#c28600
10,1.0,#a85100
11,11.0,#c08100
12,8.69,#ba7600
13,2.0,#aa5600
14,6.0,#b46900
15,8.0,#b97300
16,6.0,#b46900
17,8.0,#b97300
18,7.0,#b66e00
19,1.0,#a85100
20,5.31,#b26600
21,0.0,#202020
22,3.0,#ad5a00
23,3.0,#ad5a00
24,2.0,#aa5600
25,1.0,#a85100
26,3.0,#ad5a00
27,0.0,#202020
28,3.0,#ad5a00
29,2.38,#ab5700
30,0.0,#202020
31,2.0,#aa5600
32,1.75,#aa5400
33,0.0,#202020
34,1.0,#a85100
35,1.0,#a85100
36,1.0,#a85100
37,0.0,#202020
38,0.71,#a74f00
39,0.0,#202020
40,0.0,#202020
41,0.0,#202020
42,0.0,#202020
43,0.0,#202020
44,2.58,#ac5800
45,1.0,#a85100
46,3.0,#ad5a00
47,4.0,#af5f00
48,1.0,#a85100
49,3.0,#ad5a00
50,4.0,#af5f00
51,1.0,#a85100
52,3.0,#ad5a00
53,4.0,#af5f00
54,0.0,#202020
55,4.0,#af5f00
56,4.0,#af5f00
57,0.0,#202020
58,4.0,#af5f00
59,4.0,#af5f00
60,0.0,#202020
61,4.0,#af5f00
62,4.0,#af5f00
63,0.0,#202020
64,4.0,#af5f00
65,0.0,#202020
66,4.0,#af5f00
67,4.0,#af5f00
68,1.0,#a85100
69,4.0,#af5f00
70,5.0,#b26400
71,1.0,#a85100
72,4.0,#af5f00
73,5.0,#b26400
74,1.0,#a85100
75,4.0,#af5f00
76,5.0,#b26400
77,1.0,#a85100
78,4.0,#af5f00
79,5.0,#b26400
80,1.0,#a85100
81,4.0,#af5f00
82,5.0,#b26400
83,1.0,#a85100
84,4.0,#af5f00
85,5.0,#b26400
86,1.0,#a85100
87,4.0,#af5f00
88,5.0,#b26400
89,1.0,#a85100
90,4.0,#af5f00
91,5.0,#b26400
92,1.0,#a85100
93,4.0,#af5f00
94,1.0,#a85100
95,4.0,#af5f00
96,5.0,#b26400
97,1.0,#a85100
98,4.0,#af5f00
99,6.0,#b46900
100,5.0,#b26400
101,1.0,#a85100
102,3.0,#ad5a00
103,2.0,#aa5600
104,0.0,#202020
105,3.0,#ad5a00
106,3.0,#ad5a00
107,1.0,#a85100
108,3.0,#ad5a00
109,2.0,#aa5600
110,1.0,#a85100
111,3.0,#ad5a00
112,2.0,#aa5600
113,1.0,#a85100
114,2.0,#aa5600
115,1.0,#a85100
116,2.85,#ac5a00
117,1.0,#a85100
118,1.0,#a85100
119,2.0,#aa5600
120,0.0,#202020
121,2.0,#aa5600
122,2.0,#aa5600
123,0.0,#202020
124,2.0,#aa5600
125,2.0,#aa5600
126,1.0,#a85100
127,1.0,#a85100
128,2.0,#aa5600
129,1.0,#a85100
130,1.0,#a85100
131,0.0,#202020
132,2.0,#aa5600
133,1.0,#a85100
134,1.0,#a85100
135,2.0,#aa5600
136,1.0,#a85100
137,1.0,#a85100
138,2.54,#ac5800
139,2.0,#aa5600
140,1.0,#a85100
141,1.0,#a85100
142,2.0,#aa5600
143,3.0,#ad5a00
144,1.0,#a85100
145,2.0,#aa5600
146,3.0,#ad5a00
147,1.0,#a85100
148,2.0,#aa5600
149,4.0,#af5f00
150,0.0,#202020
151,4.0,#af5f00
152,3.5,#ae5d00
153,2.0,#aa5600
154,1.0,#a85100
155,2.97,#ad5a00
156,0.0,#202020
157,3.0,#ad5a00
158,2.0,#aa5600
159,0.0,#202020
160,2.0,#aa5600
161,2.0,#aa5600
162,0.0,#202020
163,2.0,#aa5600
164,2.0,#aa5600
165,0.0,#202020
166,2.0,#aa5600
167,0.0,#202020
168,2.0,#aa5600
169,2.0,#aa5600
170,2.0,#aa5600
171,2.0,#aa5600
172,1.0,#a85100
173,2.0,#aa5600
174,1.0,#a85100
175,1.0,#a85100
176,2.0,#aa5600
177,0.0,#202020
178,2.0,#aa5600
179,2.0,#aa5600
180,0.0,#202020
181,2.0,#aa5600
182,2.0,#aa5600
183,0.0,#202020
184,2.0,#aa5600
185,2.0,#aa5600
186,0.0,#202020
187,2.0,#aa5600
188,1.0,#a85100
189,1.0,#a85100
190,0.0,#202020
191,0.41,#a74e00
192,0.0,#202020
193,0.0,#202020
194,0.0,#202020
195,0.0,#202020
196,0.0,#202020
197,0.38,#a74e00
198,1.0,#a85100
199,0.0,#202020
200,2.22,#ab5700
201,2.0,#aa5600
202,1.0,#a85100
203,3.0,#ad5a00
204,3.0,#ad5a00
205,4.0,#af5f00
206,2.0,#aa5600
207,3.0,#ad5a00
208,5.76,#b36800
209,0.0,#202020
210,6.0,#b46900
211,6.0,#b46900
212,4.0,#af5f00
213,2.0,#aa5600
214,6.0,#b46900
215,4.0,#af5f00
216,2.0,#aa5600
217,6.0,#b46900
218,2.0,#aa5600
219,4.0,#af5f00
220,6.0,#b46900
221,1.0,#a85100
222,5.0,#b26400
223,6.0,#b46900
224,2.0,#aa5600
225,4.0,#af5f00
226,6.0,#b46900
227,2.0,#aa5600
228,4.0,#af5f00
229,5.5,#b36700
230,3.0,#ad5a00
231,4.54,#b16200
232,1.0,#a85100
233,3.0,#ad5a00
234,5.0,#b26400
235,4.0,#af5f00
236,1.0,#a85100
237,6.0,#b46900
238,1.0,#a85100
239,6.0,#b46900
240,4.0,#af5f00
241,6.0,#b46900
242,2.0,#aa5600
243,5.25,#b26500
244,2.0,#aa5600
245,3.0,#ad5a00
246,6.36,#b56b00
247,5.0,#b26400
248,2.0,#aa5600
249,7.88,#b97200
250,4.0,#af5f00
251,5.0,#b26400
252,9.0,#bb7700
253,4.0,#af5f00
254,5.0,#b26400
255,9.0,#bb7700
256,4.0,#af5f00
257,5.0,#b26400
258,9.0,#bb7700
259,4.0,#af5f00
260,5.0,#b26400
261,9.0,#bb7700
262,1.0,#a85100
263,8.0,#b97300
264,9.0,#bb7700
265,1.0,#a85100
266,8.0,#b97300
267,9.0,#bb7700
268,1.0,#a85100
269,8.0,#b97300
270,9.75,#bd7b00
271,1.0,#a85100
272,9.0,#bb7700
273,10.0,#be7c00
274,1.0,#a85100
275,9.0,#bb7700
276,10.67,#bf7f00
277,1.0,#a85100
278,10.0,#be7c00
279,11.0,#c08100
280,1.0,#a85100
281,10.0,#be7c00
282,11.5,#c18300
283,2.0,#aa5600
284,10.0,#be7c00
285,12.0,#c28600
286,2.0,#aa5600
287,10.0,#be7c00
288,12.0,#c28600
289,2.0,#aa5600
290,10.0,#be7c00
291,12.0,#c28600
292,2.0,#aa5600
293,10.0,#be7c00
294,12.0,#c28600
295,2.0,#aa5600
296,10.0,#be7c00
297,11.0,#c08100
298,1.0,#a85100
299,10.0,#be7c00
300,4.0,#af5f00
301,7.0,#b66e00
302,1.0,#a85100
303,10.0,#be7c00
304,10.33,#be7e00
305,1.0,#a85100
306,9.0,#bb7700
307,10.0,#be7c00
308,1.0,#a85100
309,9.0,#bb7700
310,10.0,#be7c00
311,9.0,#bb7700
312,1.0,#a85100
313,11.44,#c18300
314,1.0,#a85100
315,9.0,#bb7700
316,10.0,#be7c00
317,0.0,#202020
318,10.0,#be7c00
319,9.92,#bd7c00
320,7.0,#b66e00
321,2.0,#aa5600
322,5.67,#b36700
323,0.0,#202020
324,0.0,#202020
325,0.0,#202020
326,0.65,#a74f00
327,4.0,#af5f00
328,0.0,#202020
329,0.75,#a75000
330,1.56,#a95400
331,0.26,#a64d00
332,0.0,#202020
333,0.1,#a64c00
334,5.0,#b26400
335,4.0,#af5f00
336,1.0,#a85100
337,5.0,#b26400
338,4.0,#af5f00
339,1.0,#a85100
340,0.0,#202020
341,5.0,#b26400
342,5.0,#b26400
343,1.0,#a85100
344,4.0,#af5f00
345,5.65,#b36700
346,0.0,#202020
347,8.0,#b97300
348,8.0,#b97300
349,0.0,#202020
350,8.0,#b97300
351,8.0,#b97300
352,0.0,#202020
353,8.0,#b97300
354,7.0,#b66e00
355,0.0,#202020
356,7.0,#b66e00
357,7.0,#b66e00
358,0.0,#202020
359,7.0,#b66e00
360,7.0,#b66e00
361,4.0,#af5f00
362,3.0,#ad5a00
363,7.0,#b66e00
364,3.0,#ad5a00
365,4.0,#af5f00
366,7.0,#b66e00
367,3.0,#ad5a00
368,4.0,#af5f00
369,7.0,#b66e00
370,4.0,#af5f00
371,4.0,#af5f00
372,8.0,#b97300
373,4.0,#af5f00
374,4.0,#af5f00
375,8.0,#b97300
376,0.0,#202020
377,8.0,#b97300
378,8.0,#b97300
379,4.0,#af5f00
380,4.0,#af5f00
381,3.0,#ad5a00
382,0.0,#202020
383,3.0,#ad5a00
384,3.63,#ae5e00
385,4.0,#af5f00
386,0.0,#202020
387,3.53,#ae5d00
388,3.0,#ad5a00
389,3.0,#ad5a00
390,3.0,#ad5a00
391,0.0,#202020
392,3.0,#ad5a00
393,0.0,#202020
394,3.0,#ad5a00
395,2.2,#ab5700
396,0.0,#202020
397,2.0,#aa5600
398,2.0,#aa5600
399,0.0,#202020
400,2.0,#aa5600
401,0.0,#202020
402,2.0,#aa5600
403,2.0,#aa5600
404,0.0,#202020
405,2.0,#aa5600
406,0.0,#202020
407,2.59,#ac5800
408,1.0,#a85100
409,2.0,#aa5600
410,1.25,#a95200
411,1.0,#a85100
412,0.0,#202020
413,0.0,#202020
414,1.0,#a85100
415,1.0,#a85100
416,0.0,#202020
417,1.0,#a85100
418,1.0,#a85100
419,0.0,#202020
420,1.0,#a85100
421,1.0,#a85100
422,0.0,#202020
423,0.0,#202020
424,0.0,#202020
425,0.0,#202020
426,1.0,#a85100
427,1.0,#a85100
428,0.0,#202020
429,1.0,#a85100
430,1.0,#a85100
431,0.0,#202020
432,0.0,#202020
433,1.0,#a85100
434,1.0,#a85100
435,1.0,#a85100
436,0.0,#202020
437,1.0,#a85100
438,1.0,#a85100
439,0.0,#202020
440,1.0,#a85100
441,1.0,#a85100
442,1.0,#a85100
443,0.0,#202020
444,1.0,#a85100
445,1.0,#a85100
446,0.0,#202020
447,1.0,#a85100
448,0.0,#202020
449,1.0,#a85100
450,1.0,#a85100
451,1.0,#a85100
452,0.0,#202020
453,0.0,#202020
454,1.0,#a85100
455,1.0,#a85100
456,1.0,#a85100
457,4.63,#b16200
458,0.0,#202020
459,10.0,#be7c00
460,10.57,#bf7f00
461,0.0,#202020
462,12.0,#c28600
463,13.0,#c58b00
464,13.0,#c58b00
465,0.0,#202020
466,13.27,#c58c00
467,13.0,#c58b00
468,1.0,#a85100
469,14.0,#c79000
470,13.0,#c58b00
471,1.0,#a85100
472,14.0,#c79000
473,13.0,#c58b00
474,1.0,#a85100
475,14.0,#c79000
476,13.0,#c58b00
477,1.0,#a85100
478,14.0,#c79000
479,13.0,#c58b00
480,1.0,#a85100
481,14.0,#c79000
482,1.0,#a85100
483,13.0,#c58b00
484,14.0,#c79000
485,1.0,#a85100
486,13.0,#c58b00
487,14.0,#c79000
488,1.0,#a85100
489,12.25,#c38700
490,7.0,#b66e00
491,2.0,#aa5600
492,8.43,#ba7500
493,3.0,#ad5a00
494,2.0,#aa5600
495,4.65,#b16200
496,0.0,#202020
497,4.0,#af5f00
498,4.0,#af5f00
499,1.0,#a85100
500,3.0,#ad5a00
501,4.0,#af5f00
502,0.0,#202020
503,4.0,#af5f00
504,0.0,#202020
505,5.0,#b26400
506,3.38,#ae5c00
507,5.0,#b26400
508,0.0,#202020
509,5.0,#b26400
510,1.0,#a85100
511,4.0,#af5f00
512,5.0,#b26400
513,0.0,#202020
514,5.0,#b26400
515,5.0,#b26400
516,0.0,#202020
517,5.0,#b26400
518,4.8,#b16300
519,1.0,#a85100
520,4.0,#af5f00
521,5.0,#b26400
522,5.0,#b26400
523,0.0,#202020
524,5.0,#b26400
525,5.0,#b26400
526,0.0,#202020
527,5.0,#b26400
528,5.0,#b26400
529,0.0,#202020
530,5.0,#b26400
531,5.0,#b26400
532,0.0,#202020
533,5.0,#b26400
534,7.0,#b66e00
535,0.0,#202020
536,9.0,#bb7700
537,9.0,#bb7700
538,0.0,#202020
539,9.0,#bb7700
540,9.0,#bb7700
541,9.0,#bb7700
542,0.0,#202020
543,9.0,#bb7700
544,0.0,#202020
545,9.0,#bb7700
546,9.0,#bb7700
547,0.0,#202020
548,9.0,#bb7700
549,9.0,#bb7700
550,9.0,#bb7700
551,0.0,#202020
552,9.0,#bb7700
553,13.76,#c78e00
554,14.0,#c79000
555,1.0,#a85100
556,17.29,#cf9f00
557,18.0,#d1a300
558,1.0,#a85100
559,17.73,#d0a200
560,3.0,#ad5a00
561,0.0,#202020
562,13.0,#c58b00
563,15.13,#ca9500
564,14.0,#c79000
565,0.0,#202020
566,14.0,#c79000
567,2.56,#ac5800
568,1.0,#a85100
569,2.0,#aa5600
570,3.0,#ad5a00
571,2.0,#aa5600
572,1.0,#a85100
573,8.38,#ba7400
574,0.0,#202020
575,8.0,#b97300
576,8.0,#b97300
577,0.0,#202020
578,8.0,#b97300
579,8.0,#b97300
580,0.0,#202020
581,8.0,#b97300
582,8.0,#b97300
583,8.0,#b97300
584,0.0,#202020
585,11.0,#c08100
586,14.0,#c79000
587,0.0,#202020
588,14.0,#c79000
589,11.44,#c18300
590,10.0,#be7c00
591,0.0,#202020
592,9.47,#bc7a00
593,10.0,#be7c00
594,0.0,#202020
595,10.0,#be7c00
596,9.0,#bb7700
597,1.0,#a85100
598,10.0,#be7c00
599,9.0,#bb7700
600,1.0,#a85100
601,11.03,#c08100
602,3.0,#ad5a00
603,9.0,#bb7700
604,11.0,#c08100
605,2.0,#aa5600
606,12.56,#c48900
607,6.0,#b46900
608,4.0,#af5f00
609,10.0,#be7c00
610,4.0,#af5f00
611,6.0,#b46900
612,14.33,#c89100
613,15.0,#ca9400
614,1.0,#a85100
615,13.39,#c68d00
616,10.0,#be7c00
617,2.0,#aa5600
618,3.0,#ad5a00
619,11.0,#c08100
620,10.73,#bf8000
621,7.0,#b66e00
622,2.0,#aa5600
623,9.0,#bb7700
624,9.0,#bb7700
625,0.0,#202020
626,9.0,#bb7700
627,1.0,#a85100
628,8.0,#b97300
629,7.87,#b97200
630,2.0,#aa5600
631,2.0,#aa5600
632,3.75,#af5e00
633,3.0,#ad5a00
634,2.16,#ab5600
635,1.58,#a95400
636,2.29,#ab5700
637,0.0,#202020
638,4.0,#af5f00
639,0.0,#202020
640,4.0,#af5f00
641,4.0,#af5f00
642,0.0,#202020
643,4.0,#af5f00
644,4.0,#af5f00
645,0.0,#202020
646,4.0,#af5f00
647,4.0,#af5f00
648,0.0,#202020
649,4.0,#af5f00
650,0.0,#202020
651,4.0,#af5f00
652,6.23,#b56a00
653,0.0,#202020
654,7.0,#b66e00
655,7.0,#b66e00
656,0.0,#202020
657,7.0,#b66e00
658,7.0,#b66e00
659,0.0,#202020
660,7.0,#b66e00
661,7.0,#b66e00
662,0.0,#202020
663,7.0,#b66e00
664,7.0,#b66e00
665,7.0,#b66e00
666,0.0,#202020
667,10.85,#c08000
668,0.0,#202020
669,9.24,#bc7900
670,0.0,#202020
671,8.0,#b97300
672,4.43,#b06100
673,0.0,#202020
674,0.0,#202020
675,0.0,#202020
676,0.38,#a74e00
677,9.53,#bc7a00
678,8.0,#b97300
679,2.0,#aa5600
680,10.29,#be7e00
681,6.0,#b46900
682,1.0,#a85100
683,7.0,#b66e00
684,5.0,#b26400
685,2.0,#aa5600
686,7.0,#b66e00
687,1.0,#a85100
688,6.0,#b46900
689,8.59,#ba7500
690,9.0,#bb7700
691,2.0,#aa5600
692,11.76,#c28500
693,9.0,#bb7700
694,2.0,#aa5600
695,11.0,#c08100
696,10.0,#be7c00
697,1.0,#a85100
698,11.0,#c08100
699,9.0,#bb7700
700,2.0,#aa5600
701,7.15,#b76e00
702,4.0,#af5f00
703,2.0,#aa5600
704,7.19,#b76f00
705,7.0,#b66e00
706,0.0,#202020
707,7.0,#b66e00
708,7.0,#b66e00
709,0.0,#202020
710,7.0,#b66e00
711,6.0,#b46900
712,1.0,#a85100
713,6.0,#b46900
714,2.0,#aa5600
715,1.0,#a85100
716,3.0,#ad5a00
717,2.0,#aa5600
718,1.0,#a85100
719,3.0,#ad5a00
720,1.0,#a85100
721,3.0,#ad5a00
722,3.0,#ad5a00
723,1.0,#a85100
724,0.0,#202020
725,2.0,#aa5600
726,1.0,#a85100
727,2.0,#aa5600
728,3.0,#ad5a00
729,3.0,#ad5a00
730,0.0,#202020
731,3.0,#ad5a00
732,2.0,#aa5600
733,0.0,#202020
734,2.0,#aa5600
735,2.0,#aa5600
736,0.0,#202020
737,2.0,#aa5600
738,2.0,#aa5600
739,0.0,#202020
740,2.0,#aa5600
741,0.0,#202020
742,2.0,#aa5600
743,2.0,#aa5600
744,0.0,#202020
745,2.0,#aa5600
746,0.0,#202020
747,2.0,#aa5600
748,0.0,#202020
749,2.0,#aa5600
750,2.0,#aa5600
751,0.0,#202020
752,2.0,#aa5600
753,0.0,#202020
754,0.0,#202020
755,0.0,#202020
756,2.0,#aa5600
757,2.67,#ac5900
758,0.0,#202020
759,3.0,#ad5a00
760,3.0,#ad5a00
761,3.0,#ad5a00
762,2.67,#ac5900
763,4.0,#af5f00
764,6.0,#b46900
765,2.0,#aa5600
766,6.0,#b46900
767,4.0,#af5f00
768,2.0,#aa5600
769,7.0,#b66e00
770,7.0,#b66e00
771,0.0,#202020
772,7.0,#b66e00
773,7.0,#b66e00
774,7.0,#b66e00
775,8.0,#b97300
776,12.0,#c28600
777,11.47,#c18300
778,10.0,#be7c00
779,4.0,#af5f00
780,4.0,#af5f00
781,0.0,#202020
782,4.0,#af5f00
783,4.0,#af5f00
784,0.0,#202020
785,4.0,#af5f00
786,4.0,#af5f00
787,0.0,#202020
788,4.0,#af5f00
789,4.0,#af5f00
790,0.0,#202020
791,4.0,#af5f00
792,4.0,#af5f00
793,0.0,#202020
794,4.0,#af5f00
795,0.0,#202020
796,4.0,#af5f00
797,4.0,#af5f00
798,0.0,#202020
799,4.0,#af5f00
800,4.0,#af5f00
801,0.0,#202020
802,4.0,#af5f00
803,2.67,#ac5900
804,0.0,#202020
805,2.0,#aa5600
806,2.0,#aa5600
807,2.0,#aa5600
808,2.0,#aa5600
809,0.0,#202020
810,2.0,#aa5600
811,0.0,#202020
812,2.0,#aa5600
813,2.0,#aa5600
814,2.0,#aa5600
815,0.0,#202020
816,2.0,#aa5600
817,0.0,#202020
818,2.0,#aa5600
819,2.0,#aa5600
820,0.0,#202020
821,2.0,#aa5600
822,2.0,#aa5600
823,0.0,#202020
824,2.0,#aa5600
825,0.0,#202020
826,2.0,#aa5600
827,2.0,#aa5600
828,2.0,#aa5600
829,2.0,#aa5600
830,2.0,#aa5600
831,0.0,#202020
832,2.0,#aa5600
833,1.86,#aa5500
834,0.0,#202020
835,0.0,#202020
836,0.0,#202020
837,0.0,#202020
838,0.0,#202020
839,0.0,#202020
840,0.0,#202020
841,0.0,#202020
842,0.0,#202020
843,0.0,#202020
844,0.0,#202020
845,0.0,#202020
846,0.0,#202020
847,0.0,#202020
848,0.0,#202020
849,0.0,#202020
850,0.0,#202020
851,0.0,#202020
852,0.0,#202020
853,0.0,#202020
854,0.0,#202020
855,0.0,#202020
856,0.0,#202020
857,0.0,#202020
858,0.0,#202020
859,0.0,#202020
860,0.0,#202020
861,0.0,#202020
862,0.0,#202020
863,0.0,#202020
864,0.0,#202020
865,6.0,#b46900
866,0.73,#a75000
867,0.0,#202020
868,7.0,#b66e00
869,5.0,#b26400
870,0.0,#202020
871,6.5,#b56b00
872,2.0,#aa5600
873,6.0,#b46900
874,3.0,#ad5a00
875,3.0,#ad5a00
876,7.2,#b76f00
877,7.0,#b66e00
878,0.0,#202020
879,7.0,#b66e00
880,6.0,#b46900
881,1.0,#a85100
882,7.0,#b66e00
883,1.0,#a85100
884,6.0,#b46900
885,7.0,#b66e00
886,0.0,#202020
887,8.35,#ba7400
888,9.0,#bb7700
889,1.0,#a85100
890,10.0,#be7c00
891,9.0,#bb7700
892,1.0,#a85100
893,10.0,#be7c00
894,2.0,#aa5600
895,8.0,#b97300
896,8.37,#ba7400
897,6.0,#b46900
898,0.0,#202020
899,6.0,#b46900
900,1.0,#a85100
901,5.0,#b26400
902,5.81,#b46800
903,6.0,#b46900
904,1.0,#a85100
905,9.4,#bc7900
906,10.0,#be7c00
907,0.0,#202020
908,10.0,#be7c00
909,0.0,#202020
910,10.0,#be7c00
911,7.6,#b87100
912,0.0,#202020
913,6.0,#b46900
914,6.11,#b46900
915,6.0,#b46900
916,1.0,#a85100
917,8.37,#ba7400
918,8.0,#b97300
919,0.0,#202020
920,8.0,#b97300
921,7.0,#b66e00
922,1.0,#a85100
923,8.67,#ba7600
924,8.0,#b97300
925,2.0,#aa5600
926,10.0,#be7c00
927,8.0,#b97300
928,2.0,#aa5600
929,11.18,#c08200
930,4.0,#af5f00
931,14.0,#c79000
932,8.0,#b97300
933,7.0,#b66e00
934,27.23,#e7cf00
935,3.0,#ad5a00
936,7.0,#b66e00
937,10.35,#be7e00
938,7.0,#b66e00
939,4.0,#af5f00
940,10.03,#be7c00
941,12.0,#c28600
942,1.0,#a85100
943,12.36,#c38800
944,4.0,#af5f00
945,6.0,#b46900
946,7.66,#b87100
947,5.0,#b26400
948,1.0,#a85100
949,5.03,#b26400
950,1.0,#a85100
951,3.0,#ad5a00
952,4.0,#af5f00
953,1.0,#a85100
954,3.0,#ad5a00
955,6.79,#b66d00
956,15.0,#ca9400
957,4.0,#af5f00
958,18.23,#d1a400
959,0.0,#202020
960,17.0,#ce9e00
961,13.39,#c68d00
962,10.0,#be7c00
963,2.0,#aa5600
964,16.59,#cd9c00
965,0.0,#202020
966,12.0,#c28600
967,30.41,#efdf00
968,2.0,#aa5600
969,36.14,#fcfa00
970,17.0,#ce9e00
971,4.0,#af5f00
972,25.99,#e4c900
973,20.0,#d6ac00
974,2.0,#aa5600
975,17.92,#d1a200
976,12.0,#c28600
977,0.0,#202020
978,12.0,#c28600
979,14.0,#c79000
980,2.0,#aa5600
981,11.54,#c18400
982,8.0,#b97300
983,3.0,#ad5a00
984,17.53,#d0a100
985,13.0,#c58b00
986,6.0,#b46900
987,19.0,#d3a800
988,18.0,#d1a300
989,1.0,#a85100
990,32.11,#f3e700
991,24.0,#dfc000
992,0.0,#202020
993,12.8,#c48a00
994,12.0,#c28600
995,0.0,#202020
996,12.03,#c38600
997,7.0,#b66e00
998,0.0,#202020
999,2.0,#aa5600
1000,5.0,#b26400
1001,4.36,#b06100
1002,2.0,#aa5600
1003,2.0,#aa5600
1004,7.86,#b87200
1005,8.0,#b97300
1006,0.0,#202020
1007,8.0,#b97300
1008,8.0,#b97300
1009,0.0,#202020
1010,8.0,#b97300
1011,8.0,#b97300
1012,0.0,#202020
1013,8.0,#b97300
1014,8.0,#b97300
1015,8.0,#b97300
1016,0.0,#202020
1017,8.0,#b97300
1018,0.0,#202020
1019,8.0,#b97300
1020,0.0,#202020
1021,0.0,#202020
1022,0.0,#202020
1023,0.0,#202020
1024,7.0,#b66e00
1025,0.0,#202020
1026,6.0,#b46900
1027,6.0,#b46900
1028,0.0,#202020
1029,6.0,#b46900
1030,7.65,#b87100
1031,0.0,#202020
1032,6.9,#b66d00
1033,0.0,#202020
1034,4.0,#af5f00
1035,6.14,#b46a00
1036,7.0,#b66e00
1037,1.0,#a85100
1038,8.0,#b97300
1039,5.0,#b26400
1040,3.0,#ad5a00
1041,11.1,#c08200
1042,12.0,#c28600
1043,3.0,#ad5a00
1044,15.0,#ca9400
1045,13.0,#c58b00
1046,16.71,#ce9d00
1047,9.0,#bb7700
1048,6.0,#b46900
1049,15.0,#ca9400
1050,14.0,#c79000
1051,1.0,#a85100
1052,5.0,#b26400
1053,15.0,#ca9400
1054,15.0,#ca9400
1055,4.0,#af5f00
1056,11.0,#c08100
1057,14.49,#c89200
1058,2.0,#aa5600
1059,12.57,#c48900
1060,12.0,#c28600
1061,0.0,#202020
1062,7.95,#b97200
1063,8.0,#b97300
1064,0.0,#202020
1065,6.1,#b46900
1066,0.0,#202020
1067,8.0,#b97300
1068,10.37,#bf7e00
1069,3.0,#ad5a00
1070,18.0,#d1a300
1071,27.45,#e8d000
1072,24.0,#dfc000
1073,2.0,#aa5600
1074,16.01,#cc9900
1075,6.0,#b46900
1076,6.0,#b46900
1077,9.53,#bc7a00
1078,7.0,#b66e00
1079,2.0,#aa5600
1080,8.05,#b97300
1081,4.0,#af5f00
1082,2.0,#aa5600
1083,3.04,#ad5b00
1084,1.0,#a85100
1085,0.0,#202020
1086,1.91,#aa5500
1087,11.0,#c08100
1088,0.0,#202020
1089,11.72,#c28500
1090,1.0,#a85100
1091,11.0,#c08100
1092,16.62,#ce9c00
1093,18.0,#d1a300
1094,2.0,#aa5600
1095,20.0,#d6ac00
1096,18.0,#d1a300
1097,2.0,#aa5600
1098,11.4,#c18300
1099,0.0,#202020
1100,14.0,#c79000
1101,14.98,#ca9400
1102,0.0,#202020
1103,18.0,#d1a300
1104,18.0,#d1a300
1105,0.0,#202020
1106,18.0,#d1a300
1107,18.0,#d1a300
1108,0.0,#202020
1109,18.0,#d1a300
1110,16.8,#ce9d00
1111,12.0,#c28600
1112,2.0,#aa5600
1113,14.0,#c79000
1114,0.0,#202020
1115,14.0,#c79000
1116,10.85,#c08000
1117,10.0,#be7c00
1118,2.0,#aa5600
1119,17.0,#ce9e00
1120,0.0,#202020
1121,17.0,#ce9e00
1122,17.0,#ce9e00
1123,17.0,#ce9e00
1124,18.71,#d3a600
1125,0.0,#202020
1126,13.0,#c58b00
1127,16.7,#ce9d00
1128,16.0,#cc9900
1129,0.0,#202020
1130,16.0,#cc9900
1131,0.0,#202020
1132,16.0,#cc9900
1133,1.0,#a85100
1134,15.0,#ca9400
1135,12.89,#c58a00
1136,1.0,#a85100
1137,12.0,#c28600
1138,12.88,#c58a00
1139,10.0,#be7c00
1140,0.0,#202020
1141,10.0,#be7c00
1142,10.0,#be7c00
1143,0.0,#202020
1144,15.11,#ca9500
1145,15.0,#ca9400
1146,2.0,#aa5600
1147,17.0,#ce9e00
1148,15.0,#ca9400
1149,2.0,#aa5600
1150,14.48,#c89200
1151,13.0,#c58b00
1152,6.0,#b46900
1153,15.08,#ca9500
1154,20.0,#d6ac00
1155,0.0,#202020
1156,20.69,#d7b000
1157,21.0,#d8b100
1158,2.0,#aa5600
1159,18.34,#d2a400
1160,12.0,#c28600
1161,2.0,#aa5600
1162,12.63,#c48900
1163,4.0,#af5f00
1164,3.0,#ad5a00
1165,7.0,#b66e00
1166,4.0,#af5f00
1167,3.0,#ad5a00
1168,4.78,#b16300
1169,3.0,#ad5a00
1170,2.0,#aa5600
1171,5.0,#b26400
1172,2.0,#aa5600
1173,3.0,#ad5a00
1174,5.0,#b26400
1175,0.0,#202020
1176,5.55,#b36700
1177,5.0,#b26400
1178,0.0,#202020
1179,8.91,#bb7700
1180,2.0,#aa5600
1181,13.0,#c58b00
1182,16.52,#cd9c00
1183,7.0,#b66e00
1184,9.0,#bb7700
1185,16.0,#cc9900
1186,12.0,#c28600
1187,4.0,#af5f00
1188,16.0,#cc9900
1189,5.0,#b26400
1190,11.0,#c08100
1191,16.57,#cd9c00
1192,18.0,#d1a300
1193,2.0,#aa5600
1194,28.33,#ead500
1195,24.0,#dfc000
1196,0.0,#202020
1197,22.71,#dcba00
1198,1.0,#a85100
1199,18.0,#d1a300
1200,19.0,#d3a800
1201,1.0,#a85100
1202,18.0,#d1a300
1203,19.0,#d3a800
1204,13.0,#c58b00
1205,6.0,#b46900
1206,20.36,#d7ae00
1207,4.0,#af5f00
1208,16.0,#cc9900
1209,24.57,#e1c300
1210,0.0,#202020
1211,25.0,#e2c500
1212,21.25,#d9b300
1213,1.0,#a85100
1214,16.0,#cc9900
1215,9.67,#bd7b00
1216,0.0,#202020
1217,7.0,#b66e00
1218,7.0,#b66e00
1219,0.0,#202020
1220,7.0,#b66e00
1221,6.23,#b56a00
1222,0.0,#202020
1223,6.0,#b46900
1224,5.33,#b26600
1225,5.0,#b26400
1226,0.0,#202020
1227,5.0,#b26400
1228,1.0,#a85100
1229,4.0,#af5f00
1230,3.44,#ae5d00
1231,0.0,#202020
1232,3.0,#ad5a00
1233,4.04,#af5f00
1234,5.0,#b26400
1235,0.0,#202020
1236,4.61,#b16200
1237,2.0,#aa5600
1238,3.0,#ad5a00
1239,5.09,#b26500
1240,2.0,#aa5600
1241,4.0,#af5f00
1242,7.26,#b76f00
1243,6.0,#b46900
1244,2.0,#aa5600
1245,8.0,#b97300
1246,6.0,#b46900
1247,2.0,#aa5600
1248,8.0,#b97300
1249,0.0,#202020
1250,8.0,#b97300
1251,8.0,#b97300
1252,0.0,#202020
1253,10.0,#be7c00
1254,10.0,#be7c00
1255,0.0,#202020
1256,10.0,#be7c00
1257,9.93,#bd7c00
1258,10.0,#be7c00
1259,4.0,#af5f00
1260,24.85,#e1c400
1261,37.0,#ffff00
1262,0.0,#202020
1263,32.35,#f3e800
1264,20.0,#d6ac00
1265,8.0,#b97300
1266,21.63,#dab400
1267,0.0,#202020
1268,16.0,#cc9900
1269,10.38,#bf7e00
1270,8.0,#b97300
1271,2.0,#aa5600
1272,7.09,#b76e00
1273,0.0,#202020
1274,6.0,#b46900
1275,6.0,#b46900
1276,0.0,#202020
1277,6.0,#b46900
1278,7.0,#b66e00
1279,2.0,#aa5600
1280,5.0,#b26400
1281,7.0,#b66e00
1282,3.0,#ad5a00
1283,4.0,#af5f00
1284,7.0,#b66e00
1285,0.0,#202020
1286,7.0,#b66e00
1287,7.0,#b66e00
1288,0.0,#202020
1289,4.0,#af5f00
1290,0.0,#202020
1291,4.0,#af5f00
1292,4.0,#af5f00
1293,4.0,#af5f00
1294,0.0,#202020
1295,4.3,#b06100
1296,3.0,#ad5a00
1297,2.0,#aa5600
1298,5.0,#b26400
1299,0.0,#202020
1300,5.0,#b26400
1301,2.52,#ac5800
1302,1.0,#a85100
1303,4.38,#b06100
1304,0.0,#202020
1305,7.0,#b66e00
1306,7.0,#b66e00
1307,0.0,#202020
1308,7.0,#b66e00
1309,6.14,#b46a00
1310,3.0,#ad5a00
1311,3.0,#ad5a00
1312,6.0,#b46900
1313,5.0,#b26400
1314,6.0,#b46900
1315,2.0,#aa5600
1316,4.0,#af5f00
1317,6.0,#b46900
1318,1.0,#a85100
1319,2.0,#aa5600
1320,4.0,#af5f00
1321,6.0,#b46900
1322,6.0,#b46900
1323,0.0,#202020
1324,6.0,#b46900
1325,6.0,#b46900
1326,4.0,#af5f00
1327,2.0,#aa5600
1328,6.0,#b46900
1329,2.0,#aa5600
1330,4.0,#af5f00
1331,6.86,#b66d00
1332,5.0,#b26400
1333,4.0,#af5f00
1334,9.57,#bd7a00
1335,0.0,#202020
1336,11.0,#c08100
1337,11.0,#c08100
1338,4.0,#af5f00
1339,7.0,#b66e00
1340,11.0,#c08100
1341,0.0,#202020
1342,11.0,#c08100
1343,8.84,#bb7700
1344,0.0,#202020
1345,8.0,#b97300
1346,8.0,#b97300
1347,0.0,#202020
1348,6.0,#b46900
1349,6.0,#b46900
1350,4.0,#af5f00
1351,2.0,#aa5600
1352,6.0,#b46900
1353,0.0,#202020
1354,6.0,#b46900
1355,0.0,#202020
1356,6.0,#b46900
1357,6.0,#b46900
1358,0.0,#202020
1359,6.0,#b46900
1360,6.55,#b56c00
1361,7.0,#b66e00
1362,7.0,#b66e00
1363,3.0,#ad5a00
1364,3.0,#ad5a00
1365,0.0,#202020
1366,3.0,#ad5a00
1367,7.0,#b66e00
1368,1.0,#a85100
1369,6.0,#b46900
1370,4.75,#b16300
1371,3.0,#ad5a00
1372,2.0,#aa5600
1373,5.0,#b26400
1374,5.0,#b26400
1375,0.0,#202020
1376,1.0,#a85100
1377,4.0,#af5f00
1378,5.0,#b26400
1379,3.0,#ad5a00
1380,2.0,#aa5600
1381,3.12,#ad5b00
1382,3.0,#ad5a00
1383,0.0,#202020
1384,3.0,#ad5a00
1385,1.0,#a85100
1386,2.0,#aa5600
1387,3.52,#ae5d00
1388,4.0,#af5f00
1389,0.0,#202020
1390,4.0,#af5f00
1391,4.0,#af5f00
1392,0.0,#202020
1393,4.0,#af5f00
1394,4.0,#af5f00
1395,0.0,#202020
1396,4.0,#af5f00
1397,0.0,#202020
1398,4.0,#af5f00
1399,4.0,#af5f00
1400,0.0,#202020
1401,4.0,#af5f00
1402,1.0,#a85100
1403,3.0,#ad5a00
1404,4.0,#af5f00
1405,4.0,#af5f00
1406,0.0,#202020
1407,4.0,#af5f00
1408,2.0,#aa5600
1409,2.0,#aa5600
1410,4.0,#af5f00
1411,0.0,#202020
1412,4.0,#af5f00
1413,3.38,#ae5c00
1414,0.0,#202020
1415,3.09,#ad5b00
1416,2.0,#aa5600
1417,2.0,#aa5600
1418,4.0,#af5f00
1419,0.0,#202020
1420,4.0,#af5f00
1421,4.0,#af5f00
1422,4.0,#af5f00
1423,0.0,#202020
1424,4.0,#af5f00
1425,0.0,#202020
1426,4.0,#af5f00
1427,2.0,#aa5600
1428,4.0,#af5f00
1429,4.0,#af5f00
1430,1.0,#a85100
1431,4.0,#af5f00
1432,2.0,#aa5600
1433,2.0,#aa5600
1434,4.0,#af5f00
1435,2.0,#aa5600
1436,2.0,#aa5600
1437,2.3,#ab5700
1438,2.0,#aa5600
1439,0.0,#202020
1440,6.29,#b56a00
1441,0.0,#202020
1442,8.0,#b97300
1443,8.24,#b97400
1444,8.0,#b97300
1445,1.0,#a85100
1446,6.62,#b66c00
1447,6.0,#b46900
1448,1.0,#a85100
1449,7.0,#b66e00
1450,3.0,#ad5a00
1451,4.0,#af5f00
1452,6.94,#b66d00
1453,2.0,#aa5600
1454,5.0,#b26400
1455,7.0,#b66e00
1456,0.0,#202020
1457,7.0,#b66e00
1458,7.0,#b66e00
1459,0.0,#202020
1460,7.0,#b66e00
1461,7.0,#b66e00
1462,6.0,#b46900
1463,1.0,#a85100
1464,6.36,#b56b00
1465,6.0,#b46900
1466,0.0,#202020
1467,5.81,#b46800
1468,4.0,#af5f00
1469,2.0,#aa5600
1470,6.0,#b46900
1471,2.0,#aa5600
1472,4.0,#af5f00
1473,6.0,#b46900
1474,4.0,#af5f00
1475,2.0,#aa5600
1476,6.0,#b46900
1477,6.0,#b46900
1478,0.0,#202020
1479,3.74,#af5e00
1480,2.0,#aa5600
1481,0.0,#202020
1482,0.86,#a85000
1483,0.0,#202020
1484,0.0,#202020
1485,0.0,#202020
1486,0.0,#202020
1487,0.0,#202020
1488,0.0,#202020
1489,0.0,#202020
1490,0.0,#202020
1491,0.0,#202020
1492,0.0,#202020
1493,0.0,#202020
1494,0.0,#202020
1495,0.0,#202020
1496,0.0,#202020
1497,0.0,#202020
1498,1.0,#a85100
1499,1.8,#aa5500
1500,0.0,#202020
1501,3.0,#ad5a00
1502,3.0,#ad5a00
1503,0.0,#202020
1504,3.0,#ad5a00
1505,3.0,#ad5a00
1506,1.0,#a85100
1507,2.0,#aa5600
1508,3.0,#ad5a00
1509,1.0,#a85100
1510,2.0,#aa5600
1511,3.38,#ae5c00
1512,1.0,#a85100
1513,3.0,#ad5a00
1514,4.0,#af5f00
1515,1.0,#a85100
1516,3.0,#ad5a00
1517,4.0,#af5f00
1518,0.0,#202020
1519,4.0,#af5f00
1520,4.0,#af5f00
1521,1.0,#a85100
1522,3.0,#ad5a00
1523,4.0,#af5f00
1524,4.0,#af5f00
1525,1.0,#a85100
1526,3.0,#ad5a00
1527,4.0,#af5f00
1528,1.0,#a85100
1529,3.0,#ad5a00
1530,4.0,#af5f00
1531,1.0,#a85100
1532,3.0,#ad5a00
1533,3.0,#ad5a00
1534,0.0,#202020
1535,1.0,#a85100
1536,1.0,#a85100
1537,0.0,#202020
1538,1.0,#a85100
1539,1.0,#a85100
1540,0.0,#202020
1541,1.0,#a85100
1542,1.0,#a85100
1543,1.0,#a85100
1544,0.0,#202020
1545,1.15,#a85200
1546,0.0,#202020
1547,2.0,#aa5600
1548,2.0,#aa5600
1549,2.0,#aa5600
1550,0.0,#202020
1551,2.0,#aa5600
1552,2.0,#aa5600
1553,0.0,#202020
1554,4.55,#b16200
1555,2.0,#aa5600
1556,3.0,#ad5a00
1557,5.0,#b26400
1558,2.0,#aa5600
1559,3.0,#ad5a00
1560,5.0,#b26400
1561,4.0,#af5f00
1562,1.0,#a85100
1563,5.73,#b36800
1564,6.0,#b46900
1565,0.0,#202020
1566,6.0,#b46900
1567,4.0,#af5f00
1568,2.0,#aa5600
1569,7.08,#b76e00
1570,4.0,#af5f00
1571,8.0,#b97300
1572,1.0,#a85100
1573,7.0,#b66e00
1574,8.0,#b97300
1575,7.0,#b66e00
1576,6.0,#b46900
1577,3.0,#ad5a00
1578,5.0,#b26400
1579,8.0,#b97300
1580,3.0,#ad5a00
1581,5.0,#b26400
1582,8.0,#b97300
1583,4.0,#af5f00
1584,4.0,#af5f00
1585,8.0,#b97300
1586,6.0,#b46900
1587,7.0,#b66e00
1588,1.0,#a85100
1589,8.0,#b97300
1590,3.0,#ad5a00
1591,5.0,#b26400
1592,8.0,#b97300
1593,7.0,#b66e00
1594,1.0,#a85100
1595,10.0,#be7c00
1596,4.0,#af5f00
1597,6.0,#b46900
1598,10.0,#be7c00
1599,9.0,#bb7700
1600,1.0,#a85100
1601,10.0,#be7c00
1602,2.0,#aa5600
1603,7.0,#b66e00
1604,1.0,#a85100
1605,10.0,#be7c00
1606,1.0,#a85100
1607,10.0,#be7c00
1608,3.0,#ad5a00
1609,7.0,#b66e00
1610,10.0,#be7c00
1611,9.0,#bb7700
1612,1.0,#a85100
1613,9.62,#bd7a00
1614,9.0,#bb7700
1615,9.86,#bd7c00
1616,10.0,#be7c00
1617,0.0,#202020
1618,10.0,#be7c00
1619,10.0,#be7c00
1620,0.0,#202020
1621,10.0,#be7c00
1622,10.0,#be7c00
1623,0.0,#202020
1624,10.0,#be7c00
1625,10.0,#be7c00
1626,0.0,#202020
1627,10.0,#be7c00
1628,0.0,#202020
1629,10.0,#be7c00
1630,10.0,#be7c00
1631,0.0,#202020
1632,10.0,#be7c00
1633,4.0,#af5f00
1634,4.0,#af5f00
1635,8.0,#b97300
1636,8.0,#b97300
1637,0.0,#202020
1638,8.0,#b97300
1639,8.0,#b97300
1640,0.0,#202020
1641,7.27,#b76f00
1642,0.0,#202020
1643,6.0,#b46900
1644,6.0,#b46900
1645,2.0,#aa5600
1646,4.0,#af5f00
1647,2.0,#aa5600
1648,4.0,#af5f00
1649,2.0,#aa5600
1650,6.0,#b46900
1651,6.0,#b46900
1652,0.0,#202020
1653,6.0,#b46900
1654,6.0,#b46900
1655,0.0,#202020
1656,2.0,#aa5600
1657,4.0,#af5f00
1658,6.86,#b66d00
1659,0.0,#202020
1660,8.0,#b97300
1661,9.5,#bc7a00
1662,8.0,#b97300
1663,0.0,#202020
1664,9.0,#bb7700
1665,9.0,#bb7700
1666,9.0,#bb7700
1667,4.0,#af5f00
1668,5.0,#b26400
1669,9.0,#bb7700
1670,7.0,#b66e00
1671,2.0,#aa5600
1672,9.0,#bb7700
1673,2.0,#aa5600
1674,7.0,#b66e00
1675,9.0,#bb7700
1676,9.0,#bb7700
1677,0.0,#202020
1678,0.0,#202020
1679,9.0,#bb7700
1680,9.0,#bb7700
1681,2.0,#aa5600
1682,7.0,#b66e00
1683,9.0,#bb7700
1684,0.0,#202020
1685,9.0,#bb7700
1686,9.2,#bc7800
1687,9.0,#bb7700
1688,1.0,#a85100
1689,10.0,#be7c00
1690,1.0,#a85100
1691,0.0,#202020
1692,10.0,#be7c00
1693,9.0,#bb7700
1694,1.0,#a85100
1695,10.0,#be7c00
1696,0.0,#202020
1697,10.0,#be7c00
1698,7.52,#b87000
1699,2.0,#aa5600
1700,4.0,#af5f00
1701,6.0,#b46900
1702,1.0,#a85100
1703,5.0,#b26400
1704,6.0,#b46900
1705,0.0,#202020
1706,6.0,#b46900
1707,5.92,#b46900
1708,2.0,#aa5600
1709,4.0,#af5f00
1710,6.0,#b46900
1711,5.0,#b26400
1712,1.0,#a85100
1713,6.0,#b46900
1714,4.0,#af5f00
1715,2.0,#aa5600
1716,6.0,#b46900
1717,6.0,#b46900
1718,0.0,#202020
1719,6.0,#b46900
1720,6.0,#b46900
1721,0.0,#202020
1722,6.0,#b46900
1723,0.0,#202020
1724,4.0,#af5f00
1725,0.0,#202020
1726,4.0,#af5f00
1727,4.77,#b16300
1728,2.0,#aa5600
1729,4.0,#af5f00
1730,5.71,#b36800
1731,1.0,#a85100
1732,4.0,#af5f00
1733,5.0,#b26400
1734,3.0,#ad5a00
1735,2.0,#aa5600
1736,5.89,#b46800
1737,1.0,#a85100
1738,6.0,#b46900
1739,7.0,#b66e00
1740,1.0,#a85100
1741,6.0,#b46900
1742,7.0,#b66e00
1743,3.0,#ad5a00
1744,4.0,#af5f00
1745,7.0,#b66e00
1746,1.0,#a85100
1747,6.0,#b46900
1748,7.0,#b66e00
1749,2.0,#aa5600
1750,5.0,#b26400
1751,6.0,#b46900
1752,1.0,#a85100
1753,5.0,#b26400
1754,6.0,#b46900
1755,1.0,#a85100
1756,5.0,#b26400
1757,6.0,#b46900
1758,1.0,#a85100
1759,5.0,#b26400
1760,6.0,#b46900
1761,1.0,#a85100
1762,5.0,#b26400
1763,6.0,#b46900
1764,1.0,#a85100
1765,5.0,#b26400
1766,6.0,#b46900
1767,6.0,#b46900
1768,0.0,#202020
1769,5.5,#b36700
1770,0.0,#202020
1771,6.0,#b46900
1772,6.29,#b56a00
1773,2.0,#aa5600
1774,6.0,#b46900
1775,2.0,#aa5600
1776,0.0,#202020
1777,6.0,#b46900
1778,6.8,#b66d00
1779,2.0,#aa5600
1780,4.0,#af5f00
1781,6.0,#b46900
1782,0.0,#202020
1783,6.0,#b46900
1784,6.0,#b46900
1785,2.0,#aa5600
1786,4.0,#af5f00
1787,6.0,#b46900
1788,2.0,#aa5600
1789,4.0,#af5f00
1790,6.0,#b46900
1791,2.0,#aa5600
1792,4.0,#af5f00
1793,6.82,#b66d00
1794,2.0,#aa5600
1795,5.0,#b26400
1796,7.0,#b66e00
1797,1.0,#a85100
1798,6.0,#b46900
1799,7.33,#b76f00
1800,2.0,#aa5600
1801,6.0,#b46900
1802,8.0,#b97300
1803,2.0,#aa5600
1804,6.0,#b46900
1805,8.0,#b97300
1806,0.0,#202020
1807,8.0,#b97300
1808,8.0,#b97300
1809,4.0,#af5f00
1810,4.0,#af5f00
1811,7.07,#b76e00
1812,2.0,#aa5600
1813,4.0,#af5f00
1814,6.0,#b46900
1815,4.0,#af5f00
1816,2.0,#aa5600
1817,6.0,#b46900
1818,4.0,#af5f00
1819,6.0,#b46900
1820,2.0,#aa5600
1821,4.0,#af5f00
1822,6.83,#b66d00
1823,2.0,#aa5600
1824,5.0,#b26400
1825,8.0,#b97300
1826,5.0,#b26400
1827,3.0,#ad5a00
1828,9.16,#bc7800
1829,6.0,#b46900
1830,4.0,#af5f00
1831,10.67,#bf7f00
1832,5.0,#b26400
1833,7.0,#b66e00
1834,11.76,#c28500
1835,10.0,#be7c00
1836,1.0,#a85100
1837,9.57,#bd7a00
1838,7.0,#b66e00
1839,2.0,#aa5600
1840,9.0,#bb7700
1841,1.0,#a85100
1842,8.0,#b97300
1843,9.0,#bb7700
1844,2.0,#aa5600
1845,7.0,#b66e00
1846,5.0,#b26400
1847,4.0,#af5f00
1848,10.14,#be7d00
1849,1.0,#a85100
1850,11.0,#c08100
1851,12.0,#c28600
1852,8.0,#b97300
1853,4.0,#af5f00
1854,12.0,#c28600
1855,1.0,#a85100
1856,11.0,#c08100
1857,12.0,#c28600
1858,11.0,#c08100
1859,1.0,#a85100
1860,10.83,#c08000
1861,3.0,#ad5a00
1862,4.0,#af5f00
1863,8.33,#ba7400
1864,8.0,#b97300
1865,1.0,#a85100
1866,9.0,#bb7700
1867,6.0,#b46900
1868,3.0,#ad5a00
1869,9.0,#bb7700
1870,0.0,#202020
1871,9.0,#bb7700
1872,9.0,#bb7700
1873,1.0,#a85100
1874,8.0,#b97300
1875,9.0,#bb7700
1876,6.0,#b46900
1877,3.0,#ad5a00
1878,1.0,#a85100
1879,8.0,#b97300
1880,7.0,#b66e00
1881,2.0,#aa5600
1882,1.0,#a85100
1883,8.0,#b97300
1884,3.0,#ad5a00
1885,6.0,#b46900
1886,9.0,#bb7700
1887,1.0,#a85100
1888,9.0,#bb7700
1889,7.0,#b66e00
1890,2.0,#aa5600
1891,8.69,#ba7600
1892,5.0,#b26400
1893,3.0,#ad5a00
1894,7.67,#b87100
1895,5.0,#b26400
1896,2.0,#aa5600
1897,7.0,#b66e00
1898,4.0,#af5f00
1899,3.0,#ad5a00
1900,7.0,#b66e00
1901,4.0,#af5f00
1902,3.0,#ad5a00
1903,7.0,#b66e00
1904,4.0,#af5f00
1905,3.0,#ad5a00
1906,4.0,#af5f00
1907,3.0,#ad5a00
1908,6.0,#b46900
1909,1.0,#a85100
1910,5.15,#b26500
1911,3.0,#ad5a00
1912,2.0,#aa5600
1913,3.0,#ad5a00
1914,3.0,#ad5a00
1915,0.0,#202020
1916,3.0,#ad5a00
1917,2.0,#aa5600
1918,1.0,#a85100
1919,3.0,#ad5a00
1920,0.0,#202020
1921,3.0,#ad5a00
1922,0.0,#202020
1923,3.0,#ad5a00
1924,1.0,#a85100
1925,0.0,#202020
1926,2.0,#aa5600
1927,3.0,#ad5a00
1928,3.0,#ad5a00
1929,2.0,#aa5600
1930,1.0,#a85100
1931,3.0,#ad5a00
1932,3.0,#ad5a00
1933,2.0,#aa5600
1934,2.0,#aa5600
1935,2.0,#aa5600
1936,0.0,#202020
1937,2.0,#aa5600
1938,2.0,#aa5600
1939,0.0,#202020
1940,2.0,#aa5600
1941,2.0,#aa5600
1942,0.0,#202020
1943,2.0,#aa5600
1944,2.0,#aa5600
1945,0.0,#202020
1946,2.0,#aa5600
1947,2.0,#aa5600
1948,0.0,#202020
1949,2.0,#aa5600
1950,2.0,#aa5600
1951,2.0,#aa5600
1952,0.0,#202020
1953,2.0,#aa5600
1954,2.0,#aa5600
1955,0.0,#202020
1956,2.0,#aa5600
1957,2.0,#aa5600
1958,0.0,#202020
1959,0.12,#a64d00
1960,0.0,#202020
1961,0.0,#202020
1962,0.0,#202020
1963,0.0,#202020
1964,1.03,#a85100
1965,0.0,#202020
1966,0.0,#202020
1967,0.0,#202020
1968,0.0,#202020
1969,0.0,#202020
1970,0.0,#202020
1971,0.0,#202020
1972,0.0,#202020
1973,0.0,#202020
1974,2.0,#aa5600
1975,1.0,#a85100
1976,2.34,#ab5700
1977,1.18,#a85200
1978,1.3,#a95200
1979,1.8,#aa5500
1980,1.29,#a95200
1981,1.0,#a85100
1982,0.0,#202020
1983,1.0,#a85100
1984,1.0,#a85100
1985,0.0,#202020
1986,0.5,#a74e00
1987,0.0,#202020
1988,0.0,#202020
1989,0.0,#202020
1990,0.0,#202020
1991,0.0,#202020
1992,0.0,#202020
1993,0.0,#202020
1994,0.0,#202020
1995,0.0,#202020
1996,0.0,#202020
1997,0.0,#202020
1998,0.0,#202020
1999,0.0,#202020
2000,0.0,#202020
2001,3.17,#ad5b00
2002,2.0,#aa5600
2003,1.0,#a85100
2004,3.0,#ad5a00
2005,0.0,#202020
2006,3.0,#ad5a00
2007,3.0,#ad5a00
2008,2.0,#aa5600
2009,1.0,#a85100
2010,3.0,#ad5a00
2011,2.0,#aa5600
2012,1.0,#a85100
2013,3.0,#ad5a00
2014,0.0,#202020
2015,3.0,#ad5a00
2016,3.0,#ad5a00
2017,0.0,#202020
2018,3.0,#ad5a00
2019,3.0,#ad5a00
2020,1.0,#a85100
2021,2.0,#aa5600
2022,3.0,#ad5a00
2023,0.13,#a64d00
2024,2.3,#ab5700
2025,1.0,#a85100
2026,0.0,#202020
2027,1.0,#a85100
2028,2.0,#aa5600
2029,1.0,#a85100
2030,1.0,#a85100
2031,1.2,#a85200
2032,0.0,#202020
2033,1.0,#a85100
2034,1.0,#a85100
2035,0.0,#202020
2036,1.0,#a85100
2037,1.0,#a85100
2038,0.0,#202020
2039,1.0,#a85100
2040,1.0,#a85100
2041,0.0,#202020
2042,1.0,#a85100
2043,1.0,#a85100
2044,0.0,#202020
2045,1.0,#a85100
2046,0.0,#202020
2047,1.0,#a85100
2048,1.0,#a85100
2049,0.0,#202020
2050,1.0,#a85100
2051,1.0,#a85100
2052,0.0,#202020
2053,1.0,#a85100
2054,1.0,#a85100
2055,0.0,#202020
2056,1.0,#a85100
2057,1.0,#a85100
2058,1.0,#a85100
2059,0.0,#202020
2060,1.0,#a85100
2061,0.0,#202020
2062,1.0,#a85100
2063,1.0,#a85100
2064,0.0,#202020
2065,1.0,#a85100
2066,1.0,#a85100
2067,0.0,#202020
2068,1.0,#a85100
2069,1.0,#a85100
2070,0.0,#202020
2071,1.0,#a85100
2072,1.0,#a85100
2073,0.0,#202020
2074,1.0,#a85100
2075,1.0,#a85100
2076,0.0,#202020
2077,1.0,#a85100
2078,0.0,#202020
2079,1.0,#a85100
2080,1.0,#a85100
2081,0.0,#202020
2082,1.0,#a85100
2083,1.0,#a85100
2084,0.0,#202020
2085,1.0,#a85100
2086,1.0,#a85100
2087,0.0,#202020
2088,1.0,#a85100
2089,1.0,#a85100
2090,1.0,#a85100
2091,0.0,#202020
2092,1.0,#a85100
2093,0.0,#202020
2094,1.0,#a85100
2095,1.0,#a85100
2096,0.0,#202020
2097,1.0,#a85100
2098,1.0,#a85100
2099,0.0,#202020
2100,0.0,#202020
2101,1.0,#a85100
2102,1.0,#a85100
2103,0.0,#202020
2104,1.0,#a85100
2105,1.0,#a85100
2106,0.0,#202020
2107,1.0,#a85100
2108,0.89,#a85000
2109,0.0,#202020
2110,0.0,#202020
2111,0.0,#202020
2112,0.0,#202020
2113,0.0,#202020
2114,0.0,#202020
2115,0.0,#202020
2116,0.0,#202020
2117,0.0,#202020
2118,0.0,#202020
2119,0.0,#202020
2120,0.0,#202020
2121,0.0,#202020
2122,0.0,#202020
2123,0.0,#202020
2124,0.0,#202020
2125,0.0,#202020
2126,0.0,#202020
2127,0.0,#202020
2128,0.0,#202020
2129,0.0,#202020
2130,0.0,#202020
2131,0.0,#202020
2132,0.0,#202020
2133,0.0,#202020
2134,1.0,#a85100
2135,0.0,#202020
2136,1.0,#a85100
2137,1.0,#a85100
2138,0.0,#202020
2139,0.0,#202020
2140,0.0,#202020
2141,0.0,#202020
2142,0.0,#202020
2143,0.0,#202020
2144,0.0,#202020
2145,0.0,#202020
2146,0.0,#202020
2147,0.0,#202020
2148,0.0,#202020
2149,0.0,#202020
2150,0.0,#202020
2151,0.0,#202020
2152,0.0,#202020
2153,0.0,#202020
2154,0.0,#202020
2155,0.0,#202020
2156,0.0,#202020
2157,0.0,#202020
2158,0.0,#202020
2159,0.0,#202020
2160,0.0,#202020
2161,0.0,#202020
2162,0.0,#202020
2163,1.0,#a85100
2164,1.0,#a85100
2165,0.0,#202020
2166,1.0,#a85100
2167,0.0,#202020
2168,1.0,#a85100
2169,1.0,#a85100
2170,0.0,#202020
2171,1.0,#a85100
2172,1.0,#a85100
2173,0.0,#202020
2174,0.0,#202020
2175,0.0,#202020
2176,1.0,#a85100
2177,1.0,#a85100
2178,0.0,#202020
2179,1.0,#a85100
2180,1.0,#a85100
2181,1.0,#a85100
2182,0.0,#202020
2183,1.0,#a85100
2184,1.0,#a85100
2185,0.0,#202020
2186,1.0,#a85100
2187,1.0,#a85100
2188,0.0,#202020
2189,1.0,#a85100
2190,0.0,#202020
2191,1.0,#a85100
2192,1.0,#a85100
2193,1.0,#a85100
2194,1.0,#a85100
2195,2.0,#aa5600
2196,2.0,#aa5600
2197,0.0,#202020
2198,2.0,#aa5600
2199,0.0,#202020
2200,2.0,#aa5600
2201,2.0,#aa5600
2202,0.0,#202020
2203,2.0,#aa5600
2204,2.0,#aa5600
2205,0.0,#202020
2206,2.0,#aa5600
2207,2.0,#aa5600
2208,0.0,#202020
2209,2.0,#aa5600
2210,0.0,#202020
2211,2.0,#aa5600
2212,2.0,#aa5600
2213,0.0,#202020
2214,0.0,#202020
2215,2.0,#aa5600
2216,2.0,#aa5600
2217,0.0,#202020
2218,2.0,#aa5600
2219,2.0,#aa5600
2220,0.0,#202020
2221,1.5,#a95300
2222,1.0,#a85100
2223,0.0,#202020
2224,1.0,#a85100
2225,0.0,#202020
2226,1.0,#a85100
2227,1.0,#a85100
2228,1.0,#a85100
2229,0.0,#202020
2230,0.0,#202020
2231,1.0,#a85100
2232,1.0,#a85100
2233,0.0,#202020
2234,1.0,#a85100
2235,0.0,#202020
2236,1.0,#a85100
2237,1.0,#a85100
2238,1.0,#a85100
2239,1.0,#a85100
2240,0.0,#202020
2241,0.0,#202020
2242,0.0,#202020
2243,0.0,#202020
2244,1.0,#a85100
2245,1.0,#a85100
2246,0.0,#202020
2247,0.0,#202020
2248,0.0,#202020
2249,3.0,#ad5a00
2250,3.0,#ad5a00
2251,0.0,#202020
2252,3.0,#ad5a00
2253,1.0,#a85100
2254,4.0,#af5f00
2255,4.0,#af5f00
2256,0.0,#202020
2257,5.0,#b26400
2258,5.0,#b26400
2259,0.0,#202020
2260,0.0,#202020
2261,5.0,#b26400
2262,5.0,#b26400
2263,5.0,#b26400
2264,0.0,#202020
2265,5.0,#b26400
2266,0.0,#202020
2267,5.0,#b26400
2268,5.0,#b26400
2269,0.0,#202020
2270,5.0,#b26400
2271,5.0,#b26400
2272,0.0,#202020
2273,5.0,#b26400
2274,0.0,#202020
2275,5.0,#b26400
2276,5.0,#b26400
2277,0.0,#202020
2278,5.0,#b26400
2279,0.0,#202020
2280,5.0,#b26400
2281,5.0,#b26400
2282,0.0,#202020
2283,5.0,#b26400
2284,5.0,#b26400
2285,0.0,#202020
2286,5.0,#b26400
2287,5.0,#b26400
2288,0.0,#202020
2289,0.0,#202020
2290,5.0,#b26400
2291,6.0,#b46900
2292,0.0,#202020
2293,6.0,#b46900
2294,6.0,#b46900
2295,0.0,#202020
2296,6.0,#b46900
2297,0.0,#202020
2298,6.0,#b46900
2299,6.0,#b46900
2300,0.0,#202020
2301,6.0,#b46900
2302,0.0,#202020
2303,0.0,#202020
2304,6.0,#b46900
2305,6.0,#b46900
2306,6.0,#b46900
2307,6.0,#b46900
2308,0.0,#202020
2309,0.0,#202020
2310,6.0,#b46900
2311,6.0,#b46900
2312,6.0,#b46900
2313,0.0,#202020
2314,6.0,#b46900
2315,6.0,#b46900
2316,0.0,#202020
2317,6.0,#b46900
2318,2.0,#aa5600
2319,5.0,#b26400
2320,5.0,#b26400
2321,7.0,#b66e00
2322,2.0,#aa5600
2323,4.35,#b06100
2324,2.0,#aa5600
2325,2.0,#aa5600
2326,4.0,#af5f00
2327,2.0,#aa5600
2328,2.0,#aa5600
2329,4.0,#af5f00
2330,2.0,#aa5600
2331,2.0,#aa5600
2332,4.0,#af5f00
2333,5.0,#b26400
2334,0.0,#202020
2335,6.25,#b56a00
2336,5.0,#b26400
2337,2.0,#aa5600
2338,7.0,#b66e00
2339,4.8,#b16300
2340,3.12,#ad5b00
2341,3.0,#ad5a00
2342,0.0,#202020
2343,2.58,#ac5800
2344,1.0,#a85100
2345,1.3,#a95200
2346,3.0,#ad5a00
2347,2.0,#aa5600
2348,1.0,#a85100
2349,3.0,#ad5a00
2350,0.0,#202020
2351,1.0,#a85100
2352,2.0,#aa5600
2353,3.0,#ad5a00
2354,2.0,#aa5600
2355,1.0,#a85100
2356,3.0,#ad5a00
2357,2.0,#aa5600
2358,1.0,#a85100
2359,3.0,#ad5a00
2360,2.0,#aa5600
2361,1.0,#a85100
2362,2.92,#ad5a00
2363,3.0,#ad5a00
2364,0.0,#202020
2365,3.0,#ad5a00
2366,1.0,#a85100
2367,2.0,#aa5600
2368,3.0,#ad5a00
2369,1.0,#a85100
2370,4.0,#af5f00
2371,5.0,#b26400
2372,0.0,#202020
2373,5.0,#b26400
2374,5.0,#b26400
2375,4.0,#af5f00
2376,1.0,#a85100
2377,5.0,#b26400
2378,1.0,#a85100
2379,4.0,#af5f00
2380,5.0,#b26400
2381,1.0,#a85100
2382,4.0,#af5f00
2383,5.0,#b26400
2384,1.0,#a85100
2385,4.0,#af5f00
2386,5.0,#b26400
2387,1.0,#a85100
2388,4.0,#af5f00
2389,5.0,#b26400
2390,1.0,#a85100
2391,4.0,#af5f00
2392,1.0,#a85100
2393,4.0,#af5f00
2394,5.0,#b26400
2395,0.0,#202020
2396,5.0,#b26400
2397,5.0,#b26400
2398,0.0,#202020
2399,5.0,#b26400
2400,5.0,#b26400
2401,1.0,#a85100
2402,4.0,#af5f00
2403,5.0,#b26400
2404,1.0,#a85100
2405,5.5,#b36700
2406,5.43,#b36600
2407,0.0,#202020
2408,5.0,#b26400
2409,5.0,#b26400
2410,0.0,#202020
2411,5.0,#b26400
2412,5.86,#b46800
2413,1.0,#a85100
2414,6.0,#b46900
2415,7.0,#b66e00
2416,1.0,#a85100
2417,6.0,#b46900
2418,7.0,#b66e00
2419,1.0,#a85100
2420,6.0,#b46900
2421,7.0,#b66e00
2422,0.0,#202020
2423,7.0,#b66e00
2424,7.0,#b66e00
2425,0.0,#202020
2426,7.0,#b66e00
2427,7.0,#b66e00
2428,0.0,#202020
2429,7.0,#b66e00
2430,7.0,#b66e00
2431,0.0,#202020
2432,7.0,#b66e00
2433,6.1,#b46900
2434,0.0,#202020
2435,4.0,#af5f00
2436,4.0,#af5f00
2437,1.0,#a85100
2438,4.0,#af5f00
2439,5.0,#b26400
2440,0.0,#202020
2441,5.0,#b26400
2442,5.0,#b26400
2443,1.0,#a85100
2444,4.0,#af5f00
2445,5.0,#b26400
2446,1.0,#a85100
2447,0.0,#202020
2448,4.0,#af5f00
2449,5.0,#b26400
2450,1.0,#a85100
2451,4.0,#af5f00
2452,5.0,#b26400
2453,1.0,#a85100
2454,4.0,#af5f00
2455,1.0,#a85100
2456,4.0,#af5f00
2457,5.0,#b26400
2458,1.0,#a85100
2459,4.0,#af5f00
2460,5.0,#b26400
2461,0.0,#202020
2462,5.0,#b26400
2463,5.0,#b26400
2464,0.0,#202020
2465,5.0,#b26400
2466,1.0,#a85100
2467,4.0,#af5f00
2468,5.0,#b26400
2469,1.0,#a85100
2470,4.0,#af5f00
2471,5.0,#b26400
2472,1.0,#a85100
2473,4.0,#af5f00
2474,5.0,#b26400
2475,1.0,#a85100
2476,4.0,#af5f00
2477,5.29,#b26600
2478,0.0,#202020
2479,6.0,#b46900
2480,6.0,#b46900
2481,0.0,#202020
2482,6.0,#b46900
2483,6.0,#b46900
2484,0.0,#202020
2485,6.0,#b46900
2486,7.36,#b77000
2487,0.0,#202020
2488,9.0,#bb7700
2489,9.0,#bb7700
2490,0.0,#202020
2491,9.0,#bb7700
2492,9.0,#bb7700
2493,0.0,#202020
2494,9.0,#bb7700
2495,9.0,#bb7700
2496,0.0,#202020
2497,9.0,#bb7700
2498,9.0,#bb7700
2499,0.0,#202020
2500,9.0,#bb7700
2501,8.11,#b97300
2502,8.64,#ba7600
2503,1.0,#a85100
2504,7.0,#b66e00
2505,8.0,#b97300
2506,1.0,#a85100
2507,7.0,#b66e00
2508,8.0,#b97300
2509,1.0,#a85100
2510,7.0,#b66e00
2511,7.0,#b66e00
2512,1.0,#a85100
2513,5.0,#b26400
2514,6.0,#b46900
2515,1.0,#a85100
2516,0.0,#202020
2517,5.0,#b26400
2518,6.0,#b46900
2519,6.0,#b46900
2520,0.0,#202020
2521,6.0,#b46900
2522,1.0,#a85100
2523,5.0,#b26400
2524,6.21,#b56a00
2525,0.0,#202020
2526,7.0,#b66e00
2527,7.0,#b66e00
2528,0.0,#202020
2529,7.0,#b66e00
2530,7.0,#b66e00
2531,0.0,#202020
2532,7.0,#b66e00
2533,7.0,#b66e00
2534,0.0,#202020
2535,7.0,#b66e00
2536,8.91,#bb7700
2537,0.0,#202020
2538,9.0,#bb7700
2539,9.0,#bb7700
2540,7.0,#b66e00
2541,9.0,#bb7700
2542,7.0,#b66e00
2543,0.0,#202020
2544,4.19,#b06000
2545,1.0,#a85100
2546,3.0,#ad5a00
2547,4.0,#af5f00
2548,1.0,#a85100
2549,2.0,#aa5600
2550,3.0,#ad5a00
2551,2.0,#aa5600
2552,1.0,#a85100
2553,3.0,#ad5a00
2554,0.0,#202020
2555,3.0,#ad5a00
2556,1.0,#a85100
2557,1.0,#a85100
2558,0.0,#202020
2559,2.38,#ab5700
2560,0.0,#202020
2561,1.0,#a85100
2562,1.0,#a85100
2563,1.0,#a85100
2564,1.0,#a85100
2565,1.0,#a85100
2566,0.0,#202020
2567,1.0,#a85100
2568,1.0,#a85100
2569,0.0,#202020
2570,1.0,#a85100
2571,0.0,#202020
2572,1.0,#a85100
2573,2.09,#ab5600
2574,1.0,#a85100
2575,0.0,#202020
2576,2.0,#aa5600
2577,3.0,#ad5a00
2578,3.0,#ad5a00
2579,0.0,#202020
2580,3.0,#ad5a00
2581,2.0,#aa5600
2582,1.0,#a85100
2583,2.86,#ac5a00
2584,2.0,#aa5600
2585,0.0,#202020
2586,2.0,#aa5600
2587,1.0,#a85100
2588,1.0,#a85100
2589,2.0,#aa5600
2590,2.0,#aa5600
2591,0.0,#202020
2592,2.75,#ac5900
2593,0.0,#202020
2594,3.0,#ad5a00
2595,4.0,#af5f00
2596,0.0,#202020
2597,4.0,#af5f00
2598,4.0,#af5f00
2599,0.0,#202020
2600,4.0,#af5f00
2601,2.0,#aa5600
2602,4.0,#af5f00
2603,2.0,#aa5600
2604,2.0,#aa5600
2605,4.0,#af5f00
2606,2.0,#aa5600
2607,2.0,#aa5600
2608,4.0,#af5f00
2609,2.0,#aa5600
2610,2.0,#aa5600
2611,4.0,#af5f00
2612,4.0,#af5f00
2613,0.0,#202020
2614,4.0,#af5f00
2615,4.0,#af5f00
2616,0.0,#202020
2617,4.0,#af5f00
2618,4.0,#af5f00
2619,0.0,#202020
2620,4.0,#af5f00
2621,3.33,#ae5c00
2622,0.0,#202020
2623,3.0,#ad5a00
2624,3.0,#ad5a00
2625,1.0,#a85100
2626,1.0,#a85100
2627,3.79,#af5e00
2628,0.0,#202020
2629,4.0,#af5f00
2630,4.0,#af5f00
2631,0.0,#202020
2632,4.0,#af5f00
2633,4.0,#af5f00
2634,0.0,#202020
2635,4.0,#af5f00
2636,3.21,#ad5b00
2637,1.0,#a85100
2638,2.0,#aa5600
2639,2.48,#ac5800
2640,0.0,#202020
2641,2.0,#aa5600
2642,3.38,#ae5c00
2643,0.0,#202020
2644,4.0,#af5f00
2645,4.0,#af5f00
2646,0.0,#202020
2647,4.0,#af5f00
2648,4.0,#af5f00
2649,0.0,#202020
2650,4.0,#af5f00
2651,4.0,#af5f00
2652,4.0,#af5f00
2653,0.0,#202020
2654,4.0,#af5f00
2655,4.0,#af5f00
2656,0.0,#202020
2657,4.0,#af5f00
2658,0.0,#202020
2659,4.0,#af5f00
2660,4.0,#af5f00
2661,0.0,#202020
2662,3.11,#ad5b00
2663,0.0,#202020
2664,2.0,#aa5600
2665,0.0,#202020
2666,2.0,#aa5600
2667,2.0,#aa5600
2668,0.0,#202020
2669,2.0,#aa5600
2670,2.0,#aa5600
2671,0.0,#202020
2672,2.0,#aa5600
2673,3.68,#ae5e00
2674,1.0,#a85100
2675,5.0,#b26400
2676,1.0,#a85100
2677,4.0,#af5f00
2678,5.0,#b26400
2679,5.0,#b26400
2680,0.0,#202020
2681,5.0,#b26400
2682,1.0,#a85100
2683,4.0,#af5f00
2684,5.0,#b26400
2685,0.0,#202020
2686,5.0,#b26400
2687,4.9,#b16400
2688,1.0,#a85100
2689,2.0,#aa5600
2690,3.0,#ad5a00
2691,1.0,#a85100
2692,2.0,#aa5600
2693,3.0,#ad5a00
2694,1.0,#a85100
2695,2.0,#aa5600
2696,3.5,#ae5d00
2697,2.0,#aa5600
2698,2.0,#aa5600
2699,4.0,#af5f00
2700,5.0,#b26400
2701,2.0,#aa5600
2702,6.92,#b66d00
2703,0.0,#202020
2704,10.0,#be7c00
2705,11.0,#c08100
2706,5.0,#b26400
2707,6.0,#b46900
2708,11.38,#c18300
2709,2.0,#aa5600
2710,10.0,#be7c00
2711,12.0,#c28600
2712,11.0,#c08100
2713,2.0,#aa5600
2714,12.93,#c58a00
2715,4.0,#af5f00
2716,8.0,#b97300
2717,12.0,#c28600
2718,9.33,#bc7900
2719,8.0,#b97300
2720,2.0,#aa5600
2721,10.0,#be7c00
2722,8.69,#ba7600
2723,6.0,#b46900
2724,1.0,#a85100
2725,8.0,#b97300
2726,2.0,#aa5600
2727,6.0,#b46900
2728,8.0,#b97300
2729,11.0,#c08100
2730,5.0,#b26400
2731,6.0,#b46900
2732,11.0,#c08100
2733,1.3,#a95200
2734,12.0,#c28600
2735,3.0,#ad5a00
2736,9.0,#bb7700
2737,10.73,#bf8000
2738,1.0,#a85100
2739,9.0,#bb7700
2740,10.0,#be7c00
2741,1.0,#a85100
2742,9.0,#bb7700
2743,9.17,#bc7800
2744,1.0,#a85100
2745,7.0,#b66e00
2746,8.0,#b97300
2747,1.0,#a85100
2748,7.0,#b66e00
2749,7.45,#b87000
2750,5.0,#b26400
2751,1.0,#a85100
2752,6.0,#b46900
2753,5.0,#b26400
2754,2.0,#aa5600
2755,3.06,#ad5b00
2756,0.0,#202020
2757,2.0,#aa5600
2758,1.84,#aa5500
2759,0.0,#202020
2760,1.0,#a85100
2761,1.0,#a85100
2762,0.0,#202020
2763,1.0,#a85100
2764,1.0,#a85100
2765,1.0,#a85100
2766,0.0,#202020
2767,2.59,#ac5800
2768,1.0,#a85100
2769,1.0,#a85100
2770,2.0,#aa5600
2771,1.0,#a85100
2772,1.0,#a85100
2773,2.12,#ab5600
2774,4.0,#af5f00
2775,0.0,#202020
2776,4.0,#af5f00
2777,2.0,#aa5600
2778,2.0,#aa5600
2779,4.0,#af5f00
2780,3.0,#ad5a00
2781,1.0,#a85100
2782,3.95,#af5f00
2783,2.0,#aa5600
2784,2.0,#aa5600
2785,6.45,#b56b00
2786,6.0,#b46900
2787,1.0,#a85100
2788,6.4,#b56b00
2789,6.0,#b46900
2790,6.0,#b46900
2791,6.0,#b46900
2792,0.0,#202020
2793,0.0,#202020
2794,6.0,#b46900
2795,6.0,#b46900
2796,6.0,#b46900
2797,0.0,#202020
2798,6.0,#b46900
2799,6.0,#b46900
2800,0.0,#202020
2801,6.0,#b46900
2802,6.0,#b46900
2803,0.0,#202020
2804,6.0,#b46900
2805,6.0,#b46900
2806,0.0,#202020
2807,7.93,#b97200
2808,8.0,#b97300
2809,0.0,#202020
2810,9.23,#bc7900
2811,8.0,#b97300
2812,4.0,#af5f00
2813,10.69,#bf8000
2814,6.0,#b46900
2815,4.0,#af5f00
2816,10.0,#be7c00
2817,6.0,#b46900
2818,0.0,#202020
2819,0.0,#202020
2820,10.0,#be7c00
2821,10.0,#be7c00
2822,0.0,#202020
2823,8.2,#b97400
2824,8.0,#b97300
2825,0.0,#202020
2826,8.0,#b97300
2827,2.0,#aa5600
2828,6.0,#b46900
2829,9.0,#bb7700
2830,0.0,#202020
2831,8.0,#b97300
2832,8.0,#b97300
2833,0.0,#202020
2834,8.0,#b97300
2835,4.93,#b16400
2836,0.0,#202020
2837,4.0,#af5f00
2838,4.95,#b16400
2839,2.0,#aa5600
2840,2.0,#aa5600
2841,4.0,#af5f00
2842,2.0,#aa5600
2843,2.0,#aa5600
2844,2.0,#aa5600
2845,4.0,#af5f00
2846,0.0,#202020
2847,4.0,#af5f00
2848,2.0,#aa5600
2849,2.0,#aa5600
2850,4.75,#b16300
2851,4.0,#af5f00
2852,1.0,#a85100
2853,5.0,#b26400
2854,4.0,#af5f00
2855,2.0,#aa5600
2856,6.0,#b46900
2857,4.0,#af5f00
2858,0.0,#202020
2859,4.0,#af5f00
2860,4.0,#af5f00
2861,6.0,#b46900
2862,2.0,#aa5600
2863,4.0,#af5f00
2864,4.17,#b06000
2865,4.0,#af5f00
2866,0.0,#202020
2867,5.29,#b26600
2868,4.0,#af5f00
2869,2.0,#aa5600
2870,4.31,#b06100
2871,2.0,#aa5600
2872,2.0,#aa5600
2873,7.53,#b87000
2874,8.0,#b97300
2875,0.0,#202020
2876,8.0,#b97300
2877,8.5,#ba7500
2878,3.0,#ad5a00
2879,3.0,#ad5a00
2880,3.0,#ad5a00
2881,0.0,#202020
2882,3.0,#ad5a00
2883,8.09,#b97300
2884,6.0,#b46900
2885,1.0,#a85100
2886,9.0,#bb7700
2887,9.0,#bb7700
2888,0.0,#202020
2889,9.0,#bb7700
2890,1.0,#a85100
2891,9.0,#bb7700
2892,8.0,#b97300
2893,1.0,#a85100
2894,9.0,#bb7700
2895,0.0,#202020
2896,9.0,#bb7700
2897,9.0,#bb7700
2898,1.0,#a85100
2899,8.0,#b97300
2900,7.0,#b66e00
2901,6.0,#b46900
2902,1.0,#a85100
2903,6.98,#b66e00
2904,0.0,#202020
2905,6.0,#b46900
2906,5.0,#b26400
2907,1.0,#a85100
2908,5.57,#b36700
2909,0.0,#202020
2910,5.0,#b26400
2911,5.0,#b26400
2912,4.0,#af5f00
2913,2.0,#aa5600
2914,7.14,#b76e00
2915,1.0,#a85100
2916,8.0,#b97300
2917,7.0,#b66e00
2918,1.0,#a85100
2919,7.75,#b87100
2920,4.0,#af5f00
2921,4.0,#af5f00
2922,7.82,#b87200
2923,7.0,#b66e00
2924,1.0,#a85100
2925,8.0,#b97300
2926,2.0,#aa5600
2927,6.0,#b46900
2928,8.0,#b97300
2929,3.0,#ad5a00
2930,5.0,#b26400
2931,7.6,#b87100
2932,5.0,#b26400
2933,5.33,#b26600
2934,0.0,#202020
2935,5.0,#b26400
2936,6.25,#b56a00
2937,4.0,#af5f00
2938,0.0,#202020
2939,4.0,#af5f00
2940,2.0,#aa5600
2941,2.0,#aa5600
2942,4.0,#af5f00
2943,4.0,#af5f00
2944,0.0,#202020
2945,4.0,#af5f00
2946,6.0,#b46900
2947,0.0,#202020
2948,6.0,#b46900
2949,6.0,#b46900
2950,0.0,#202020
2951,9.77,#bd7b00
2952,10.0,#be7c00
2953,0.0,#202020
2954,10.0,#be7c00
2955,10.0,#be7c00
2956,0.0,#202020
2957,10.0,#be7c00
2958,10.0,#be7c00
2959,0.0,#202020
2960,10.0,#be7c00
2961,8.0,#b97300
2962,0.0,#202020
2963,8.0,#b97300
2964,8.0,#b97300
2965,0.0,#202020
2966,8.0,#b97300
2967,8.0,#b97300
2968,0.0,#202020
2969,8.0,#b97300
2970,4.0,#af5f00
2971,4.0,#af5f00
2972,8.0,#b97300
2973,8.0,#b97300
2974,0.0,#202020
2975,8.0,#b97300
2976,8.0,#b97300
2977,0.0,#202020
2978,8.0,#b97300
2979,4.0,#af5f00
2980,4.0,#af5f00
2981,7.43,#b77000
2982,6.0,#b46900
2983,0.0,#202020
2984,6.0,#b46900
2985,6.0,#b46900
2986,0.0,#202020
2987,7.8,#b87200
2988,4.0,#af5f00
2989,0.0,#202020
2990,4.0,#af5f00
2991,0.0,#202020
2992,4.0,#af5f00
2993,4.0,#af5f00
2994,4.0,#af5f00
2995,4.0,#af5f00
2996,0.0,#202020
2997,4.52,#b06200
2998,4.0,#af5f00
2999,1.0,#a85100
3000,5.15,#b26500
3001,4.0,#af5f00
3002,2.0,#aa5600
3003,6.0,#b46900
3004,4.0,#af5f00
3005,0.0,#202020
3006,2.0,#aa5600
3007,6.0,#b46900
3008,6.0,#b46900
3009,4.0,#af5f00
3010,2.0,#aa5600
3011,6.0,#b46900
3012,4.0,#af5f00
3013,2.0,#aa5600
3014,6.0,#b46900
3015,4.0,#af5f00
3016,2.0,#aa5600
3017,6.0,#b46900
3018,4.0,#af5f00
3019,2.0,#aa5600
3020,6.0,#b46900
3021,4.0,#af5f00
3022,2.0,#aa5600
3023,6.0,#b46900
3024,6.0,#b46900
3025,0.0,#202020
3026,5.0,#b26400
3027,2.0,#aa5600
3028,0.0,#202020
3029,2.0,#aa5600
3030,2.0,#aa5600
3031,0.0,#202020
3032,3.39,#ae5c00
3033,3.0,#ad5a00
3034,0.0,#202020
3035,3.0,#ad5a00
3036,2.0,#aa5600
3037,1.0,#a85100
3038,2.89,#ad5a00
3039,2.0,#aa5600
3040,0.0,#202020
3041,2.0,#aa5600
3042,2.0,#aa5600
3043,0.0,#202020
3044,3.67,#ae5e00
3045,3.0,#ad5a00
3046,2.0,#aa5600
3047,5.0,#b26400
3048,5.0,#b26400
3049,0.0,#202020
3050,5.0,#b26400
3051,2.0,#aa5600
3052,3.0,#ad5a00
3053,5.94,#b46900
3054,5.0,#b26400
3055,1.0,#a85100
3056,6.0,#b46900
3057,2.0,#aa5600
3058,4.0,#af5f00
3059,6.0,#b46900
3060,2.0,#aa5600
3061,4.0,#af5f00
3062,5.0,#b26400
3063,1.0,#a85100
3064,5.6,#b36700
3065,3.0,#ad5a00
3066,1.0,#a85100
3067,4.0,#af5f00
3068,3.0,#ad5a00
3069,1.0,#a85100
3070,4.0,#af5f00
3071,4.0,#af5f00
3072,0.0,#202020
3073,4.0,#af5f00
3074,3.0,#ad5a00
3075,1.0,#a85100
3076,6.0,#b46900
3077,2.0,#aa5600
3078,4.0,#af5f00
3079,6.0,#b46900
3080,6.0,#b46900
3081,0.0,#202020
3082,4.0,#af5f00
3083,4.0,#af5f00
3084,0.0,#202020
3085,4.0,#af5f00
3086,4.0,#af5f00
3087,0.0,#202020
3088,3.79,#af5e00
3089,3.0,#ad5a00
3090,0.0,#202020
3091,4.09,#af6000
3092,1.0,#a85100
3093,4.0,#af5f00
3094,5.0,#b26400
3095,1.0,#a85100
3096,5.0,#b26400
3097,5.0,#b26400
3098,0.0,#202020
3099,5.0,#b26400
3100,5.0,#b26400
3101,0.0,#202020
3102,5.0,#b26400
3103,5.0,#b26400
3104,0.0,#202020
3105,5.0,#b26400
3106,5.0,#b26400
3107,0.0,#202020
3108,6.45,#b56b00
3109,9.0,#bb7700
3110,0.0,#202020
3111,9.0,#bb7700
3112,8.0,#b97300
3113,1.0,#a85100
3114,11.4,#c18300
3115,11.0,#c08100
3116,1.0,#a85100
3117,12.0,#c28600
3118,11.0,#c08100
3119,1.0,#a85100
3120,10.54,#bf7f00
3121,8.0,#b97300
3122,1.0,#a85100
3123,9.0,#bb7700
3124,0.0,#202020
3125,9.5,#bc7a00
3126,10.0,#be7c00
3127,1.0,#a85100
3128,11.6,#c18400
3129,10.0,#be7c00
3130,6.0,#b46900
3131,2.0,#aa5600
3132,6.0,#b46900
3133,12.0,#c28600
3134,6.0,#b46900
3135,6.0,#b46900
3136,12.0,#c28600
3137,10.0,#be7c00
3138,2.0,#aa5600
3139,12.0,#c28600
3140,12.0,#c28600
3141,0.0,#202020
3142,12.0,#c28600
3143,8.0,#b97300
3144,4.0,#af5f00
3145,12.0,#c28600
3146,6.0,#b46900
3147,6.0,#b46900
3148,13.43,#c68d00
3149,12.0,#c28600
3150,2.0,#aa5600
3151,14.0,#c79000
3152,12.0,#c28600
3153,2.0,#aa5600
3154,14.5,#c89200
3155,16.0,#cc9900
3156,0.0,#202020
3157,16.0,#cc9900
3158,12.0,#c28600
3159,4.0,#af5f00
3160,16.0,#cc9900
3161,14.0,#c79000
3162,2.0,#aa5600
3163,16.0,#cc9900
3164,2.0,#aa5600
3165,16.0,#cc9900
3166,14.0,#c79000
3167,2.0,#aa5600
3168,16.0,#cc9900
3169,14.0,#c79000
3170,2.0,#aa5600
3171,12.67,#c48900
3172,10.0,#be7c00
3173,2.0,#aa5600
3174,11.77,#c28500
3175,10.0,#be7c00
3176,8.9,#bb7700
3177,8.0,#b97300
3178,0.0,#202020
3179,8.0,#b97300
3180,8.0,#b97300
3181,0.0,#202020
3182,8.0,#b97300
3183,8.0,#b97300
3184,0.0,#202020
3185,8.0,#b97300
3186,8.0,#b97300
3187,0.0,#202020
3188,6.35,#b56b00
3189,6.0,#b46900
3190,0.0,#202020
3191,6.0,#b46900
3192,7.0,#b66e00
3193,7.0,#b66e00
3194,7.0,#b66e00
3195,0.0,#202020
3196,6.83,#b66d00
3197,7.0,#b66e00
3198,0.0,#202020
3199,7.0,#b66e00
3200,0.0,#202020
3201,7.0,#b66e00
3202,7.0,#b66e00
3203,0.0,#202020
3204,7.0,#b66e00
3205,7.0,#b66e00
3206,0.0,#202020
3207,7.0,#b66e00
3208,0.0,#202020
3209,3.55,#ae5d00
3210,3.0,#ad5a00
3211,0.0,#202020
3212,3.0,#ad5a00
3213,3.0,#ad5a00
3214,0.0,#202020
3215,2.38,#ab5700
3216,1.0,#a85100
3217,0.0,#202020
3218,1.0,#a85100
3219,1.0,#a85100
3220,0.0,#202020
3221,1.0,#a85100
3222,1.0,#a85100
3223,0.0,#202020
3224,1.0,#a85100
3225,1.0,#a85100
3226,0.0,#202020
3227,1.0,#a85100
3228,1.0,#a85100
3229,0.0,#202020
3230,1.0,#a85100
3231,1.0,#a85100
3232,0.0,#202020
3233,1.0,#a85100
3234,0.0,#202020
3235,1.0,#a85100
3236,1.0,#a85100
3237,1.0,#a85100
3238,0.0,#202020
3239,1.0,#a85100
3240,1.0,#a85100
3241,0.0,#202020
3242,1.0,#a85100
3243,1.0,#a85100
3244,0.0,#202020
3245,1.0,#a85100
3246,1.0,#a85100
3247,0.0,#202020
3248,1.0,#a85100
3249,1.0,#a85100
3250,0.0,#202020
3251,1.0,#a85100
3252,1.0,#a85100
3253,0.0,#202020
3254,1.0,#a85100
3255,1.0,#a85100
3256,0.0,#202020
3257,1.0,#a85100
3258,0.0,#202020
3259,1.0,#a85100
3260,1.0,#a85100
3261,0.0,#202020
3262,1.0,#a85100
3263,1.0,#a85100
3264,0.0,#202020
3265,1.0,#a85100
3266,1.0,#a85100
3267,0.0,#202020
3268,0.0,#202020
3269,0.0,#202020
3270,0.0,#202020
3271,0.0,#202020
3272,0.0,#202020
3273,0.0,#202020
3274,0.0,#202020
3275,0.0,#202020
3276,0.0,#202020
3277,0.0,#202020
3278,0.0,#202020
3279,0.0,#202020
3280,0.0,#202020
3281,0.0,#202020
3282,0.0,#202020
3283,0.56,#a74f00
3284,5.0,#b26400
3285,0.0,#202020
3286,5.0,#b26400
3287,5.0,#b26400
3288,0.0,#202020
3289,5.0,#b26400
3290,5.0,#b26400
3291,0.0,#202020
3292,5.17,#b26500
3293,4.0,#af5f00
3294,6.0,#b46900
3295,5.0,#b26400
3296,1.0,#a85100
3297,6.0,#b46900
3298,1.0,#a85100
3299,6.59,#b56c00
3300,7.0,#b66e00
3301,0.0,#202020
3302,7.0,#b66e00
3303,1.0,#a85100
3304,6.0,#b46900
3305,7.0,#b66e00
3306,6.0,#b46900
3307,1.0,#a85100
3308,7.0,#b66e00
3309,6.0,#b46900
3310,1.0,#a85100
3311,7.0,#b66e00
3312,6.0,#b46900
3313,1.0,#a85100
3314,7.0,#b66e00
3315,6.0,#b46900
3316,1.0,#a85100
3317,7.0,#b66e00
3318,7.0,#b66e00
3319,0.0,#202020
3320,7.0,#b66e00
3321,7.0,#b66e00
3322,0.0,#202020
3323,7.0,#b66e00
3324,6.0,#b46900
3325,1.0,#a85100
3326,7.0,#b66e00
3327,5.0,#b26400
3328,2.0,#aa5600
3329,7.0,#b66e00
3330,5.0,#b26400
3331,2.0,#aa5600
3332,6.0,#b46900
3333,1.0,#a85100
3334,7.0,#b66e00
3335,6.0,#b46900
3336,1.0,#a85100
3337,8.94,#bb7700
3338,8.0,#b97300
3339,1.0,#a85100
3340,9.0,#bb7700
3341,8.0,#b97300
3342,1.0,#a85100
3343,9.0,#bb7700
3344,7.0,#b66e00
3345,2.0,#aa5600
3346,8.0,#b97300
3347,1.0,#a85100
3348,8.05,#b97300
3349,3.0,#ad5a00
3350,1.0,#a85100
3351,4.67,#b16300
3352,4.0,#af5f00
3353,1.0,#a85100
3354,5.0,#b26400
3355,2.0,#aa5600
3356,3.0,#ad5a00
3357,5.0,#b26400
3358,2.0,#aa5600
3359,1.0,#a85100
3360,6.14,#b46a00
3361,6.0,#b46900
3362,0.0,#202020
3363,6.0,#b46900
3364,6.0,#b46900
3365,0.0,#202020
3366,6.0,#b46900
3367,0.0,#202020
3368,6.0,#b46900
3369,6.18,#b46a00
3370,8.0,#b97300
3371,0.0,#202020
3372,8.0,#b97300
3373,8.0,#b97300
3374,0.0,#202020
3375,7.78,#b87200
3376,2.0,#aa5600
3377,2.0,#aa5600
3378,4.0,#af5f00
3379,4.0,#af5f00
3380,0.0,#202020
3381,2.0,#aa5600
3382,2.0,#aa5600
3383,4.0,#af5f00
3384,4.0,#af5f00
3385,0.0,#202020
3386,4.0,#af5f00
3387,3.0,#ad5a00
3388,1.0,#a85100
3389,4.0,#af5f00
3390,0.0,#202020
3391,3.86,#af5f00
3392,5.0,#b26400
3393,1.0,#a85100
3394,6.0,#b46900
3395,5.0,#b26400
3396,1.0,#a85100
3397,6.22,#b56a00
3398,6.0,#b46900
3399,1.0,#a85100
3400,7.0,#b66e00
3401,0.0,#202020
3402,7.0,#b66e00
3403,7.0,#b66e00
3404,6.0,#b46900
3405,1.0,#a85100
3406,7.0,#b66e00
3407,6.0,#b46900
3408,1.0,#a85100
3409,6.0,#b46900
3410,1.0,#a85100
3411,7.0,#b66e00
3412,6.0,#b46900
3413,1.0,#a85100
3414,6.49,#b56b00
3415,4.0,#af5f00
3416,1.0,#a85100
3417,4.41,#b06100
3418,6.0,#b46900
3419,1.0,#a85100
3420,7.0,#b66e00
3421,6.0,#b46900
3422,1.0,#a85100
3423,9.05,#bb7800
3424,9.0,#bb7700
3425,1.0,#a85100
3426,10.52,#bf7f00
3427,13.0,#c58b00
3428,0.0,#202020
3429,12.8,#c48a00
3430,12.0,#c28600
3431,0.0,#202020
3432,12.38,#c38800
3433,11.0,#c08100
3434,0.0,#202020
3435,8.0,#b97300
3436,6.0,#b46900
3437,0.0,#202020
3438,6.38,#b56b00
3439,11.0,#c08100
3440,0.0,#202020
3441,11.0,#c08100
3442,11.0,#c08100
3443,0.0,#202020
3444,11.0,#c08100
3445,11.0,#c08100
3446,0.0,#202020
3447,11.0,#c08100
3448,11.0,#c08100
3449,0.0,#202020
3450,10.0,#be7c00
3451,8.0,#b97300
3452,0.0,#202020
3453,8.0,#b97300
3454,8.0,#b97300
3455,0.0,#202020
3456,8.0,#b97300
3457,8.0,#b97300
3458,0.0,#202020
3459,8.0,#b97300
3460,0.0,#202020
3461,7.43,#b77000
3462,8.0,#b97300
3463,0.0,#202020
3464,8.0,#b97300
3465,8.0,#b97300
3466,0.0,#202020
3467,8.0,#b97300
3468,8.0,#b97300
3469,0.0,#202020
3470,8.0,#b97300
3471,8.0,#b97300
3472,0.0,#202020
3473,8.0,#b97300
3474,0.0,#202020
3475,8.0,#b97300
3476,8.0,#b97300
3477,8.0,#b97300
3478,0.0,#202020
3479,8.0,#b97300
3480,8.0,#b97300
3481,0.0,#202020
3482,8.0,#b97300
3483,8.0,#b97300
3484,0.0,#202020
3485,8.0,#b97300
3486,6.0,#b46900
3487,1.18,#a85200
3488,0.0,#202020
3489,2.0,#aa5600
3490,2.0,#aa5600
3491,1.0,#a85100
3492,1.0,#a85100
3493,1.0,#a85100
3494,1.0,#a85100
3495,2.0,#aa5600
3496,0.0,#202020
3497,2.0,#aa5600
3498,2.0,#aa5600
3499,1.0,#a85100
3500,1.0,#a85100
3501,2.0,#aa5600
3502,1.0,#a85100
3503,1.0,#a85100
3504,2.0,#aa5600
3505,1.0,#a85100
3506,1.0,#a85100
3507,2.0,#aa5600
3508,1.0,#a85100
3509,1.0,#a85100
3510,2.25,#ab5700
3511,1.0,#a85100
3512,2.0,#aa5600
3513,3.0,#ad5a00
3514,1.0,#a85100
3515,2.0,#aa5600
3516,3.0,#ad5a00
3517,1.0,#a85100
3518,2.0,#aa5600
3519,3.0,#ad5a00
3520,3.0,#ad5a00
3521,0.0,#202020
3522,3.0,#ad5a00
3523,2.0,#aa5600
3524,1.0,#a85100
3525,6.83,#b66d00
3526,4.0,#af5f00
3527,4.0,#af5f00
3528,8.0,#b97300
3529,5.0,#b26400
3530,3.0,#ad5a00
3531,7.67,#b87100
3532,4.0,#af5f00
3533,2.0,#aa5600
3534,6.0,#b46900
3535,4.0,#af5f00
3536,2.0,#aa5600
3537,6.0,#b46900
3538,6.0,#b46900
3539,0.0,#202020
3540,6.0,#b46900
3541,4.0,#af5f00
3542,2.0,#aa5600
3543,0.0,#202020
3544,6.0,#b46900
3545,4.0,#af5f00
3546,2.0,#aa5600
3547,6.0,#b46900
3548,4.0,#af5f00
3549,2.0,#aa5600
3550,6.0,#b46900
3551,4.0,#af5f00
3552,2.0,#aa5600
3553,5.4,#b36600
3554,4.0,#af5f00
3555,1.0,#a85100
3556,3.75,#af5e00
3557,0.0,#202020
3558,2.0,#aa5600
3559,1.14,#a85100
3560,0.0,#202020
3561,1.0,#a85100
3562,0.0,#202020
3563,1.0,#a85100
3564,1.0,#a85100
3565,1.0,#a85100
3566,0.0,#202020
3567,1.0,#a85100
3568,1.0,#a85100
3569,0.0,#202020
3570,7.57,#b87100
3571,9.0,#bb7700
3572,0.0,#202020
3573,9.0,#bb7700
3574,9.0,#bb7700
3575,0.0,#202020
3576,8.67,#ba7600
3577,5.0,#b26400
3578,0.0,#202020
3579,6.55,#b56c00
3580,8.0,#b97300
3581,2.0,#aa5600
3582,10.0,#be7c00
3583,0.0,#202020
3584,10.0,#be7c00
3585,8.0,#b97300
3586,2.0,#aa5600
3587,10.0,#be7c00
3588,8.0,#b97300
3589,2.0,#aa5600
3590,10.0,#be7c00
3591,8.0,#b97300
3592,2.0,#aa5600
3593,10.0,#be7c00
3594,8.0,#b97300
3595,2.0,#aa5600
3596,13.12,#c58b00
3597,12.0,#c28600
3598,1.0,#a85100
3599,12.0,#c28600
3600,1.0,#a85100
3601,12.15,#c38700
3602,12.0,#c28600
3603,1.0,#a85100
3604,13.0,#c58b00
3605,13.0,#c58b00
3606,0.0,#202020
3607,13.94,#c78f00
3608,12.0,#c28600
3609,2.0,#aa5600
3610,14.0,#c79000
3611,13.0,#c58b00
3612,1.0,#a85100
3613,14.0,#c79000
3614,13.0,#c58b00
3615,1.0,#a85100
3616,11.88,#c28500
3617,9.0,#bb7700
3618,0.0,#202020
3619,9.0,#bb7700
3620,9.0,#bb7700
3621,0.0,#202020
3622,9.0,#bb7700
3623,9.0,#bb7700
3624,0.0,#202020
3625,9.0,#bb7700
3626,9.0,#bb7700
3627,0.0,#202020
3628,9.0,#bb7700
3629,9.0,#bb7700
3630,0.0,#202020
3631,7.0,#b66e00
3632,5.0,#b26400
3633,0.0,#202020
3634,8.17,#b97300
3635,8.0,#b97300
3636,1.0,#a85100
3637,9.62,#bd7a00
3638,12.0,#c28600
3639,1.0,#a85100
3640,9.42,#bc7900
3641,8.0,#b97300
3642,1.0,#a85100
3643,8.75,#bb7600
3644,8.0,#b97300
3645,0.0,#202020
3646,9.23,#bc7900
3647,12.0,#c28600
3648,0.0,#202020
3649,12.0,#c28600
3650,12.0,#c28600
3651,0.0,#202020
3652,12.0,#c28600
3653,12.0,#c28600
3654,0.0,#202020
3655,12.0,#c28600
3656,12.0,#c28600
3657,0.0,#202020
3658,12.0,#c28600
3659,0.0,#202020
3660,8.4,#ba7500
3661,8.0,#b97300
3662,0.0,#202020
3663,8.0,#b97300
3664,8.0,#b97300
3665,0.0,#202020
3666,5.16,#b26500
3667,5.0,#b26400
3668,0.0,#202020
3669,5.0,#b26400
3670,5.0,#b26400
3671,0.0,#202020
3672,5.0,#b26400
3673,4.0,#af5f00
3674,1.0,#a85100
3675,4.95,#b16400
3676,4.0,#af5f00
3677,1.0,#a85100
3678,5.0,#b26400
3679,4.0,#af5f00
3680,1.0,#a85100
3681,2.33,#ab5700
3682,1.0,#a85100
3683,0.0,#202020
3684,1.0,#a85100
3685,0.0,#202020
3686,1.0,#a85100
3687,1.0,#a85100
3688,0.0,#202020
3689,1.0,#a85100
3690,1.0,#a85100
3691,0.0,#202020
3692,1.0,#a85100
3693,1.0,#a85100
3694,0.0,#202020
3695,1.0,#a85100
3696,1.0,#a85100
3697,0.0,#202020
3698,1.12,#a85100
3699,4.0,#af5f00
3700,1.0,#a85100
3701,5.0,#b26400
3702,5.0,#b26400
3703,0.0,#202020
3704,5.0,#b26400
3705,5.0,#b26400
3706,0.0,#202020
3707,6.85,#b66d00
3708,8.0,#b97300
3709,1.0,#a85100
3710,8.15,#b97300
3711,8.0,#b97300
3712,0.0,#202020
3713,8.0,#b97300
3714,8.0,#b97300
3715,0.0,#202020
3716,8.0,#b97300
3717,0.51,#a74e00
3718,8.32,#ba7400
3719,12.0,#c28600
3720,0.0,#202020
3721,12.0,#c28600
3722,12.0,#c28600
3723,0.0,#202020
3724,12.0,#c28600
3725,12.0,#c28600
3726,0.0,#202020
3727,12.0,#c28600
3728,12.0,#c28600
3729,12.0,#c28600
3730,12.0,#c28600
3731,0.0,#202020
3732,11.4,#c18300
3733,8.0,#b97300
3734,0.0,#202020
3735,2.97,#ad5a00
3736,0.0,#202020
3737,0.0,#202020
3738,0.0,#202020
3739,0.0,#202020
3740,0.0,#202020
3741,0.0,#202020
3742,0.0,#202020
3743,0.0,#202020
3744,3.53,#ae5d00
3745,1.0,#a85100
3746,6.0,#b46900
3747,7.0,#b66e00
3748,7.0,#b66e00
3749,0.0,#202020
3750,7.8,#b87200
3751,9.0,#bb7700
3752,0.0,#202020
3753,9.0,#bb7700
3754,9.0,#bb7700
3755,0.0,#202020
3756,9.0,#bb7700
3757,1.0,#a85100
3758,8.0,#b97300
3759,9.0,#bb7700
3760,9.0,#bb7700
3761,9.0,#bb7700
3762,8.85,#bb7700
3763,8.0,#b97300
3764,0.0,#202020
3765,8.0,#b97300
3766,8.0,#b97300
3767,0.0,#202020
3768,8.0,#b97300
3769,8.0,#b97300
3770,0.0,#202020
3771,8.0,#b97300
3772,0.0,#202020
3773,8.0,#b97300
3774,0.0,#202020
3775,4.08,#af6000
3776,2.0,#aa5600
3777,0.0,#202020
3778,2.0,#aa5600
3779,0.0,#202020
3780,2.0,#aa5600
3781,2.0,#aa5600
3782,0.0,#202020
3783,2.0,#aa5600
3784,2.0,#aa5600
3785,0.0,#202020
3786,2.0,#aa5600
3787,2.0,#aa5600
3788,0.0,#202020
3789,2.0,#aa5600
3790,2.0,#aa5600
3791,0.0,#202020
3792,2.0,#aa5600
3793,2.0,#aa5600
3794,0.0,#202020
3795,2.0,#aa5600
3796,2.0,#aa5600
3797,0.0,#202020
3798,2.0,#aa5600
3799,2.0,#aa5600
3800,0.0,#202020
3801,0.0,#202020
3802,2.0,#aa5600
3803,2.12,#ab5600
3804,1.47,#a95300
3805,1.0,#a85100
3806,0.0,#202020
3807,0.0,#202020
3808,0.0,#202020
3809,0.0,#202020
3810,1.0,#a85100
3811,0.0,#202020
3812,1.0,#a85100
3813,1.0,#a85100
3814,0.0,#202020
3815,1.0,#a85100
3816,1.0,#a85100
3817,0.0,#202020
3818,1.0,#a85100
3819,1.0,#a85100
3820,0.0,#202020
3821,1.0,#a85100
3822,0.0,#202020
3823,1.0,#a85100
3824,1.0,#a85100
3825,0.0,#202020
3826,1.33,#a95200
3827,3.0,#ad5a00
3828,0.0,#202020
3829,3.0,#ad5a00
3830,0.0,#202020
3831,3.0,#ad5a00
3832,0.0,#202020
3833,3.0,#ad5a00
3834,3.0,#ad5a00
3835,0.0,#202020
3836,3.0,#ad5a00
3837,0.0,#202020
3838,3.0,#ad5a00
3839,3.0,#ad5a00
3840,3.0,#ad5a00
3841,3.0,#ad5a00
3842,3.0,#ad5a00
3843,0.0,#202020
3844,3.0,#ad5a00
3845,3.0,#ad5a00
3846,0.0,#202020
3847,0.0,#202020
3848,3.0,#ad5a00
3849,3.0,#ad5a00
3850,0.0,#202020
3851,3.0,#ad5a00
3852,3.0,#ad5a00
3853,0.0,#202020
3854,3.0,#ad5a00
3855,3.0,#ad5a00
3856,0.0,#202020
3857,3.0,#ad5a00
3858,0.0,#202020
3859,3.0,#ad5a00
3860,3.0,#ad5a00
3861,3.0,#ad5a00
3862,0.0,#202020
3863,3.0,#ad5a00
3864,3.0,#ad5a00
3865,0.0,#202020
3866,3.0,#ad5a00
3867,3.0,#ad5a00
3868,0.0,#202020
3869,3.0,#ad5a00
3870,3.0,#ad5a00
3871,0.0,#202020
3872,3.0,#ad5a00
3873,3.0,#ad5a00
3874,0.0,#202020
3875,3.0,#ad5a00
3876,3.0,#ad5a00
3877,0.0,#202020
3878,3.36,#ae5c00
3879,3.0,#ad5a00
3880,0.0,#202020
3881,3.0,#ad5a00
3882,3.0,#ad5a00
3883,0.0,#202020
3884,3.0,#ad5a00
3885,3.0,#ad5a00
3886,0.0,#202020
3887,3.0,#ad5a00
3888,3.0,#ad5a00
3889,3.25,#ad5c00
3890,1.0,#a85100
3891,4.0,#af5f00
3892,5.0,#b26400
3893,3.0,#ad5a00
3894,2.0,#aa5600
3895,5.0,#b26400
3896,3.0,#ad5a00
3897,2.0,#aa5600
3898,4.0,#af5f00
3899,1.0,#a85100
3900,2.0,#aa5600
3901,4.53,#b06200
3902,2.0,#aa5600
3903,3.0,#ad5a00
3904,5.0,#b26400
3905,2.0,#aa5600
3906,3.0,#ad5a00
3907,5.0,#b26400
3908,2.0,#aa5600
3909,3.0,#ad5a00
3910,5.0,#b26400
3911,2.0,#aa5600
3912,5.0,#b26400
3913,2.0,#aa5600
3914,3.0,#ad5a00
3915,5.0,#b26400
3916,2.0,#aa5600
3917,3.0,#ad5a00
3918,4.4,#b06100
3919,1.0,#a85100
3920,3.0,#ad5a00
3921,4.0,#af5f00
3922,0.0,#202020
3923,4.0,#af5f00
3924,4.0,#af5f00
3925,1.0,#a85100
3926,3.0,#ad5a00
3927,4.0,#af5f00
3928,1.0,#a85100
3929,3.0,#ad5a00
3930,4.0,#af5f00
3931,1.0,#a85100
3932,3.0,#ad5a00
3933,4.0,#af5f00
3934,1.0,#a85100
3935,3.0,#ad5a00
3936,4.0,#af5f00
3937,1.0,#a85100
3938,3.0,#ad5a00
3939,3.74,#af5e00
3940,1.0,#a85100
3941,1.0,#a85100
3942,0.0,#202020
3943,1.0,#a85100
3944,1.0,#a85100
3945,0.0,#202020
3946,1.0,#a85100
3947,1.0,#a85100
3948,0.0,#202020
3949,1.0,#a85100
3950,1.0,#a85100
3951,0.0,#202020
3952,1.0,#a85100
3953,0.0,#202020
3954,1.0,#a85100
3955,0.04,#a64c00
3956,0.0,#202020
3957,0.0,#202020
3958,0.0,#202020
3959,0.84,#a85000
3960,0.0,#202020
3961,0.0,#202020
3962,0.41,#a74e00
3963,0.0,#202020
3964,1.0,#a85100
3965,1.0,#a85100
3966,0.0,#202020
3967,1.0,#a85100
3968,1.0,#a85100
3969,0.0,#202020
3970,1.0,#a85100
3971,1.0,#a85100
3972,1.0,#a85100
3973,0.0,#202020
3974,1.11,#a85100
3975,1.0,#a85100
3976,2.0,#aa5600
3977,3.0,#ad5a00
3978,1.0,#a85100
3979,2.0,#aa5600
3980,3.0,#ad5a00
3981,1.0,#a85100
3982,2.0,#aa5600
3983,3.0,#ad5a00
3984,1.0,#a85100
3985,2.0,#aa5600
3986,2.18,#ab5700
3987,2.0,#aa5600
3988,0.0,#202020
3989,2.24,#ab5700
3990,1.0,#a85100
3991,2.0,#aa5600
3992,4.12,#af6000
3993,4.0,#af5f00
3994,1.0,#a85100
3995,5.0,#b26400
3996,1.0,#a85100
3997,4.0,#af5f00
3998,5.0,#b26400
3999,4.0,#af5f00
4000,1.0,#a85100
4001,5.0,#b26400
4002,4.0,#af5f00
4003,1.0,#a85100
4004,5.0,#b26400
4005,4.0,#af5f00
4006,1.0,#a85100
4007,3.46,#ae5d00
4008,1.0,#a85100
4009,2.0,#aa5600
4010,3.98,#af5f00
4011,1.0,#a85100
4012,3.0,#ad5a00
4013,4.31,#b06100
4014,0.0,#202020
4015,4.0,#af5f00
4016,2.05,#ab5600
4017,0.0,#202020
4018,2.0,#aa5600
4019,2.0,#aa5600
4020,0.0,#202020
4021,2.0,#aa5600
4022,1.0,#a85100
4023,1.0,#a85100
4024,2.0,#aa5600
4025,0.0,#202020
4026,2.0,#aa5600
4027,2.0,#aa5600
4028,2.0,#aa5600
4029,0.0,#202020
4030,2.0,#aa5600
4031,2.0,#aa5600
4032,0.0,#202020
4033,3.7,#ae5e00
4034,2.0,#aa5600
4035,2.0,#aa5600
4036,3.94,#af5f00
4037,2.0,#aa5600
4038,2.0,#aa5600
4039,4.0,#af5f00
4040,4.0,#af5f00
4041,0.0,#202020
4042,4.0,#af5f00
4043,2.0,#aa5600
4044,2.0,#aa5600
4045,2.77,#ac5900
4046,0.0,#202020
4047,1.0,#a85100
4048,1.0,#a85100
4049,1.0,#a85100
4050,0.57,#a74f00
4051,0.0,#202020
4052,0.0,#202020
4053,0.0,#202020
4054,0.0,#202020
4055,0.0,#202020
4056,0.0,#202020
4057,0.0,#202020
4058,0.0,#202020
4059,0.0,#202020
4060,0.0,#202020
4061,0.0,#202020
4062,0.0,#202020
4063,0.0,#202020
4064,0.0,#202020
4065,0.49,#a74e00
4066,0.0,#202020
4067,1.0,#a85100
4068,2.0,#aa5600
4069,1.0,#a85100
4070,1.0,#a85100
4071,1.79,#aa5500
4072,2.0,#aa5600
4073,0.0,#202020
4074,2.0,#aa5600
4075,1.0,#a85100
4076,1.0,#a85100
4077,2.31,#ab5700
4078,2.0,#aa5600
4079,3.0,#ad5a00
4080,3.0,#ad5a00
4081,0.0,#202020
4082,3.0,#ad5a00
4083,2.0,#aa5600
4084,0.0,#202020
4085,1.0,#a85100
4086,3.0,#ad5a00
4087,2.0,#aa5600
4088,1.0,#a85100
4089,3.0,#ad5a00
4090,2.0,#aa5600
4091,3.0,#ad5a00
4092,5.0,#b26400
4093,2.0,#aa5600
4094,3.0,#ad5a00
4095,5.0,#b26400
4096,2.0,#aa5600
4097,3.0,#ad5a00
4098,5.0,#b26400
4099,2.0,#aa5600
4100,2.0,#aa5600
4101,4.0,#af5f00
4102,2.0,#aa5600
4103,2.0,#aa5600
4104,5.3,#b26600
4105,2.0,#aa5600
4106,4.0,#af5f00
4107,6.0,#b46900
4108,2.0,#aa5600
4109,4.0,#af5f00
4110,6.0,#b46900
4111,6.0,#b46900
4112,0.0,#202020
4113,6.0,#b46900
4114,2.0,#aa5600
4115,4.0,#af5f00
4116,6.0,#b46900
4117,0.0,#202020
4118,4.92,#b16400
4119,0.0,#202020
4120,1.0,#a85100
4121,4.0,#af5f00
4122,4.0,#af5f00
4123,5.0,#b26400
4124,1.0,#a85100
4125,4.0,#af5f00
4126,5.0,#b26400
4127,1.0,#a85100
4128,4.0,#af5f00
4129,5.0,#b26400
4130,1.0,#a85100
4131,4.0,#af5f00
4132,5.0,#b26400
4133,1.0,#a85100
4134,4.0,#af5f00
4135,5.0,#b26400
4136,1.0,#a85100
4137,5.0,#b26400
4138,6.0,#b46900
4139,1.0,#a85100
4140,5.0,#b26400
4141,6.0,#b46900
4142,5.0,#b26400
4143,5.8,#b46800
4144,1.0,#a85100
4145,3.0,#ad5a00
4146,4.0,#af5f00
4147,1.0,#a85100
4148,3.0,#ad5a00
4149,4.0,#af5f00
4150,1.0,#a85100
4151,2.0,#aa5600
4152,1.0,#a85100
4153,3.54,#ae5d00
4154,1.0,#a85100
4155,1.0,#a85100
4156,2.0,#aa5600
4157,1.0,#a85100
4158,1.0,#a85100
4159,2.73,#ac5900
4160,3.0,#ad5a00
4161,1.0,#a85100
4162,4.0,#af5f00
4163,1.0,#a85100
4164,3.0,#ad5a00
4165,4.0,#af5f00
4166,1.0,#a85100
4167,3.0,#ad5a00
4168,4.0,#af5f00
4169,1.0,#a85100
4170,3.0,#ad5a00
4171,4.0,#af5f00
4172,1.0,#a85100
4173,5.0,#b26400
4174,6.0,#b46900
4175,1.0,#a85100
4176,5.0,#b26400
4177,6.0,#b46900
4178,1.0,#a85100
4179,5.0,#b26400
4180,6.0,#b46900
4181,5.0,#b26400
4182,1.0,#a85100
4183,6.0,#b46900
4184,1.0,#a85100
4185,5.0,#b26400
4186,6.0,#b46900
4187,1.0,#a85100
4188,5.0,#b26400
4189,6.0,#b46900
4190,5.0,#b26400
4191,1.0,#a85100
4192,6.0,#b46900
4193,1.0,#a85100
4194,4.0,#af5f00
4195,5.28,#b26500
4196,1.0,#a85100
4197,4.0,#af5f00
4198,5.0,#b26400
4199,1.0,#a85100
4200,4.0,#af5f00
4201,5.0,#b26400
4202,4.0,#af5f00
4203,1.0,#a85100
4204,4.62,#b16200
4205,0.0,#202020
4206,4.0,#af5f00
4207,4.0,#af5f00
4208,4.0,#af5f00
4209,4.0,#af5f00
4210,0.0,#202020
4211,4.0,#af5f00
4212,4.0,#af5f00
4213,0.0,#202020
4214,4.0,#af5f00
4215,3.83,#af5e00
4216,0.0,#202020
4217,2.0,#aa5600
4218,2.0,#aa5600
4219,0.0,#202020
4220,2.0,#aa5600
4221,2.0,#aa5600
4222,0.0,#202020
4223,2.0,#aa5600
4224,2.0,#aa5600
4225,0.0,#202020
4226,2.0,#aa5600
4227,1.0,#a85100
4228,0.0,#202020
4229,0.0,#202020
4230,0.0,#202020
4231,0.0,#202020
4232,0.0,#202020
4233,0.0,#202020
4234,0.0,#202020
4235,0.0,#202020
4236,0.0,#202020
4237,0.0,#202020
4238,0.0,#202020
4239,0.0,#202020
4240,0.0,#202020
4241,0.0,#202020
4242,0.0,#202020
4243,0.0,#202020
4244,0.0,#202020
4245,0.0,#202020
4246,0.0,#202020
4247,0.0,#202020
4248,0.0,#202020
4249,0.0,#202020
4250,0.0,#202020
4251,0.0,#202020
4252,0.29,#a64d00
4253,0.0,#202020
4254,1.0,#a85100
4255,0.0,#202020
4256,1.0,#a85100
4257,1.0,#a85100
4258,2.0,#aa5600
4259,2.0,#aa5600
4260,3.0,#ad5a00
4261,1.0,#a85100
4262,2.0,#aa5600
4263,2.0,#aa5600
4264,1.0,#a85100
4265,3.0,#ad5a00
4266,1.0,#a85100
4267,2.0,#aa5600
4268,3.0,#ad5a00
4269,0.0,#202020
4270,3.0,#ad5a00
4271,3.0,#ad5a00
4272,0.0,#202020
4273,3.0,#ad5a00
4274,3.0,#ad5a00
4275,0.0,#202020
4276,3.0,#ad5a00
4277,3.0,#ad5a00
4278,0.0,#202020
4279,3.0,#ad5a00
4280,3.0,#ad5a00
4281,0.0,#202020
4282,3.0,#ad5a00
4283,3.0,#ad5a00
4284,0.0,#202020
4285,3.0,#ad5a00
4286,3.0,#ad5a00
4287,1.0,#a85100
4288,2.0,#aa5600
4289,3.0,#ad5a00
4290,0.0,#202020
4291,3.0,#ad5a00
4292,3.0,#ad5a00
4293,1.0,#a85100
4294,3.0,#ad5a00
4295,0.0,#202020
4296,2.0,#aa5600
4297,1.0,#a85100
4298,3.0,#ad5a00
4299,3.0,#ad5a00
4300,3.0,#ad5a00
4301,0.0,#202020
4302,3.0,#ad5a00
4303,3.0,#ad5a00
4304,1.0,#a85100
4305,2.0,#aa5600
4306,3.0,#ad5a00
4307,2.0,#aa5600
4308,1.0,#a85100
4309,2.22,#ab5700
4310,0.0,#202020
4311,2.0,#aa5600
4312,2.0,#aa5600
4313,0.0,#202020
4314,2.0,#aa5600
4315,2.0,#aa5600
4316,0.0,#202020
4317,2.0,#aa5600
4318,0.53,#a74f00
4319,0.0,#202020
4320,0.0,#202020
4321,0.0,#202020
4322,0.0,#202020
4323,0.0,#202020
4324,0.0,#202020
4325,0.0,#202020
4326,0.0,#202020
4327,0.0,#202020
4328,0.0,#202020
4329,0.0,#202020
4330,0.0,#202020
4331,0.0,#202020
4332,0.0,#202020
4333,0.0,#202020
4334,0.0,#202020
4335,0.0,#202020
4336,0.0,#202020
4337,0.0,#202020
4338,0.0,#202020
4339,2.0,#aa5600
4340,0.0,#202020
4341,2.0,#aa5600
4342,2.0,#aa5600
4343,0.0,#202020
4344,2.0,#aa5600
4345,2.0,#aa5600
4346,2.85,#ac5a00
4347,0.0,#202020
4348,4.0,#af5f00
4349,4.0,#af5f00
4350,0.0,#202020
4351,4.0,#af5f00
4352,4.0,#af5f00
4353,0.0,#202020
4354,4.0,#af5f00
4355,2.63,#ac5900
4356,0.0,#202020
4357,0.0,#202020
4358,0.0,#202020
4359,0.0,#202020
4360,0.0,#202020
4361,0.0,#202020
4362,0.0,#202020
4363,0.0,#202020
4364,0.0,#202020
4365,0.0,#202020
4366,0.0,#202020
4367,0.0,#202020
4368,0.0,#202020
4369,0.0,#202020
4370,0.78,#a75000
4371,0.0,#202020
4372,1.0,#a85100
4373,1.0,#a85100
4374,0.0,#202020
4375,1.0,#a85100
4376,1.0,#a85100
4377,1.0,#a85100
4378,0.0,#202020
4379,1.31,#a95200
4380,4.0,#af5f00
4381,2.0,#aa5600
4382,6.0,#b46900
4383,4.0,#af5f00
4384,2.0,#aa5600
4385,6.0,#b46900
4386,4.0,#af5f00
4387,5.88,#b46800
4388,2.0,#aa5600
4389,4.0,#af5f00
4390,5.96,#b46900
4391,2.0,#aa5600
4392,4.0,#af5f00
4393,5.26,#b26500
4394,2.0,#aa5600
4395,2.0,#aa5600
4396,1.05,#a85100
4397,0.0,#202020
4398,1.0,#a85100
4399,1.0,#a85100
4400,0.0,#202020
4401,1.0,#a85100
4402,2.43,#ab5800
4403,2.0,#aa5600
4404,0.0,#202020
4405,2.0,#aa5600
4406,1.0,#a85100
4407,2.0,#aa5600
4408,0.0,#202020
4409,2.0,#aa5600
4410,2.63,#ac5900
4411,0.0,#202020
4412,4.0,#af5f00
4413,4.0,#af5f00
4414,0.0,#202020
4415,4.0,#af5f00
4416,3.84,#af5f00
4417,1.0,#a85100
4418,2.0,#aa5600
4419,3.0,#ad5a00
4420,1.0,#a85100
4421,2.0,#aa5600
4422,2.6,#ac5900
4423,0.0,#202020
4424,1.0,#a85100
4425,0.0,#202020
4426,0.69,#a74f00
4427,0.0,#202020
4428,0.0,#202020
4429,0.0,#202020
4430,0.0,#202020
4431,0.0,#202020
4432,0.0,#202020
4433,0.0,#202020
4434,0.0,#202020
4435,0.0,#202020
4436,0.0,#202020
4437,0.0,#202020
4438,0.0,#202020
4439,0.0,#202020
4440,0.0,#202020
4441,2.22,#ab5700
4442,0.0,#202020
4443,4.0,#af5f00
4444,4.0,#af5f00
4445,0.0,#202020
4446,4.0,#af5f00
4447,4.0,#af5f00
4448,4.0,#af5f00
4449,0.0,#202020
4450,4.0,#af5f00
4451,4.0,#af5f00
4452,4.04,#af5f00
4453,1.0,#a85100
4454,4.0,#af5f00
4455,5.0,#b26400
4456,1.0,#a85100
4457,4.0,#af5f00
4458,7.0,#b66e00
4459,1.0,#a85100
4460,6.0,#b46900
4461,7.0,#b66e00
4462,1.0,#a85100
4463,6.0,#b46900
4464,7.0,#b66e00
4465,1.0,#a85100
4466,6.0,#b46900
4467,6.04,#b46900
4468,1.0,#a85100
4469,4.0,#af5f00
4470,3.42,#ae5c00
4471,1.0,#a85100
4472,2.0,#aa5600
4473,3.0,#ad5a00
4474,1.0,#a85100
4475,2.0,#aa5600
4476,2.65,#ac5900
4477,0.0,#202020
4478,2.0,#aa5600
4479,2.0,#aa5600
4480,0.0,#202020
4481,2.0,#aa5600
4482,2.0,#aa5600
4483,0.0,#202020
4484,2.0,#aa5600
4485,2.0,#aa5600
4486,0.0,#202020
4487,2.0,#aa5600
4488,2.36,#ab5700
4489,1.0,#a85100
4490,2.0,#aa5600
4491,3.0,#ad5a00
4492,1.0,#a85100
4493,3.0,#ad5a00
4494,2.0,#aa5600
4495,1.0,#a85100
4496,4.89,#b16400
4497,1.0,#a85100
4498,3.0,#ad5a00
4499,3.6,#ae5d00
4500,1.0,#a85100
4501,2.0,#aa5600
4502,3.73,#af5e00
4503,1.0,#a85100
4504,6.0,#b46900
4505,7.0,#b66e00
4506,1.0,#a85100
4507,6.0,#b46900
4508,6.52,#b56b00
4509,6.0,#b46900
4510,1.0,#a85100
4511,7.0,#b66e00
4512,6.0,#b46900
4513,1.0,#a85100
4514,7.0,#b66e00
4515,6.0,#b46900
4516,7.0,#b66e00
4517,1.0,#a85100
4518,6.0,#b46900
4519,8.41,#ba7500
4520,8.0,#b97300
4521,2.0,#aa5600
4522,10.06,#be7d00
4523,2.0,#aa5600
4524,10.0,#be7c00
4525,9.36,#bc7900
4526,2.0,#aa5600
4527,6.0,#b46900
4528,8.54,#ba7500
4529,1.0,#a85100
4530,8.0,#b97300
4531,9.0,#bb7700
4532,1.0,#a85100
4533,8.0,#b97300
4534,7.24,#b76f00
4535,0.0,#202020
4536,4.0,#af5f00
4537,4.0,#af5f00
4538,0.0,#202020
4539,4.0,#af5f00
4540,4.0,#af5f00
4541,0.0,#202020
4542,4.0,#af5f00
4543,4.0,#af5f00
4544,0.0,#202020
4545,4.0,#af5f00
4546,4.4,#b06100
4547,0.0,#202020
4548,3.58,#ae5d00
4549,1.0,#a85100
4550,2.0,#aa5600
4551,3.0,#ad5a00
4552,1.0,#a85100
4553,2.0,#aa5600
4554,3.0,#ad5a00
4555,1.0,#a85100
4556,2.0,#aa5600
4557,3.0,#ad5a00
4558,1.0,#a85100
4559,2.0,#aa5600
4560,3.0,#ad5a00
4561,1.0,#a85100
4562,2.0,#aa5600
4563,3.0,#ad5a00
4564,1.0,#a85100
4565,2.0,#aa5600
4566,3.0,#ad5a00
4567,1.0,#a85100
4568,2.0,#aa5600
4569,3.0,#ad5a00
4570,1.0,#a85100
4571,2.0,#aa5600
4572,3.0,#ad5a00
4573,1.0,#a85100
4574,0.0,#202020
4575,1.0,#a85100
4576,1.0,#a85100
4577,0.0,#202020
4578,1.0,#a85100
4579,1.0,#a85100
4580,0.0,#202020
4581,1.0,#a85100
4582,1.0,#a85100
4583,0.0,#202020
4584,1.0,#a85100
4585,0.0,#202020
4586,1.0,#a85100
4587,1.0,#a85100
4588,0.0,#202020
4589,1.0,#a85100
4590,0.0,#202020
4591,1.0,#a85100
4592,1.0,#a85100
4593,0.0,#202020
4594,1.0,#a85100
4595,1.0,#a85100
4596,1.0,#a85100
4597,0.0,#202020
4598,1.0,#a85100
4599,1.0,#a85100
4600,0.0,#202020
4601,1.0,#a85100
4602,1.0,#a85100
4603,0.0,#202020
4604,1.5,#a95300
4605,1.0,#a85100
4606,1.0,#a85100
4607,2.0,#aa5600
4608,2.0,#aa5600
4609,0.0,#202020
4610,2.0,#aa5600
4611,1.0,#a85100
4612,1.0,#a85100
4613,2.0,#aa5600
4614,1.0,#a85100
4615,1.0,#a85100
4616,2.0,#aa5600
4617,1.0,#a85100
4618,1.0,#a85100
4619,2.0,#aa5600
4620,1.0,#a85100
4621,1.0,#a85100
4622,2.0,#aa5600
4623,1.0,#a85100
4624,1.0,#a85100
4625,2.0,#aa5600
4626,1.0,#a85100
4627,1.0,#a85100
4628,2.0,#aa5600
4629,1.0,#a85100
4630,1.0,#a85100
4631,2.0,#aa5600
4632,1.0,#a85100
4633,1.0,#a85100
4634,2.0,#aa5600
4635,1.0,#a85100
4636,1.0,#a85100
4637,2.0,#aa5600
4638,1.0,#a85100
4639,1.0,#a85100
4640,2.0,#aa5600
4641,1.0,#a85100
4642,1.0,#a85100
4643,2.0,#aa5600
4644,1.0,#a85100
4645,1.0,#a85100
4646,2.0,#aa5600
4647,1.0,#a85100
4648,1.0,#a85100
4649,1.6,#a95400
4650,0.0,#202020
4651,1.0,#a85100
4652,1.0,#a85100
4653,0.0,#202020
4654,1.0,#a85100
4655,1.0,#a85100
4656,0.0,#202020
4657,1.0,#a85100
4658,1.0,#a85100
4659,0.0,#202020
4660,1.0,#a85100
4661,1.0,#a85100
4662,0.0,#202020
4663,1.0,#a85100
4664,1.18,#a85200
4665,1.0,#a85100
4666,1.0,#a85100
4667,2.0,#aa5600
4668,1.0,#a85100
4669,1.0,#a85100
4670,2.0,#aa5600
4671,1.0,#a85100
4672,1.0,#a85100
4673,2.0,#aa5600
4674,1.0,#a85100
4675,1.0,#a85100
4676,2.0,#aa5600
4677,1.0,#a85100
4678,1.0,#a85100
4679,2.0,#aa5600
4680,1.0,#a85100
4681,1.0,#a85100
4682,2.0,#aa5600
4683,1.0,#a85100
4684,1.0,#a85100
4685,2.0,#aa5600
4686,1.0,#a85100
4687,1.0,#a85100
4688,1.4,#a95300
4689,0.0,#202020
4690,1.0,#a85100
4691,1.0,#a85100
4692,0.0,#202020
4693,1.0,#a85100
4694,1.0,#a85100
4695,1.0,#a85100
4696,0.0,#202020
4697,1.0,#a85100
4698,1.0,#a85100
4699,0.0,#202020
4700,1.0,#a85100
4701,1.0,#a85100
4702,0.0,#202020
4703,1.0,#a85100
4704,1.0,#a85100
4705,0.0,#202020
4706,1.0,#a85100
4707,1.0,#a85100
4708,0.0,#202020
4709,1.0,#a85100
4710,1.0,#a85100
4711,0.0,#202020
4712,1.0,#a85100
4713,1.0,#a85100
4714,0.0,#202020
4715,1.0,#a85100
4716,1.0,#a85100
4717,0.0,#202020
4718,1.0,#a85100
4719,0.0,#202020
4720,1.0,#a85100
4721,1.0,#a85100
4722,1.0,#a85100
4723,0.0,#202020
4724,1.0,#a85100
4725,0.0,#202020
4726,1.0,#a85100
4727,1.0,#a85100
4728,1.0,#a85100
4729,0.0,#202020
4730,1.0,#a85100
4731,1.0,#a85100
4732,0.0,#202020
4733,1.0,#a85100
4734,1.0,#a85100
4735,0.0,#202020
4736,0.69,#a74f00
4737,0.0,#202020
4738,0.0,#202020
4739,0.0,#202020
4740,0.0,#202020
4741,0.0,#202020
4742,0.0,#202020
4743,0.0,#202020
4744,0.0,#202020
4745,0.0,#202020
4746,0.0,#202020
4747,0.0,#202020
4748,0.0,#202020
4749,0.0,#202020
4750,0.0,#202020
4751,0.0,#202020
4752,0.0,#202020
4753,0.0,#202020
4754,0.0,#202020
4755,0.0,#202020
4756,0.0,#202020
4757,0.0,#202020
4758,0.0,#202020
4759,0.0,#202020
4760,0.0,#202020
4761,0.0,#202020
4762,0.0,#202020
4763,0.0,#202020
4764,0.0,#202020
4765,0.0,#202020
4766,0.0,#202020
4767,0.0,#202020
4768,0.0,#202020
4769,0.0,#202020
